Time (s), Cell Name, Value
27.328667, C00, 0.04204209
27.378628, C00, 0.03400443
27.628433, C00, 0.05138613
27.678394, C00, 0.03998122
27.728355, C00, 0.02547392
27.778316, C00, 0.02875796
27.828277, C00, 0.02523974
27.878238, C00, 0.09489812
27.928199, C00, 0.05848983
27.97816, C00, 0.08017719
28.028121, C00, 0.04103157
28.078082, C00, 0.03820553
28.128043, C00, 0.09476691
28.178004, C00, 0.07375032
28.227965, C00, 0.04558122
28.277926, C00, 0.04666984
28.327887, C00, 0.05168831
28.377848, C00, 0.1152921
28.427809, C00, 0.02446556
28.47777, C00, 0.07775342
28.577692, C00, 0.07440686
28.677614, C00, 0.02027398
28.727575, C00, 0.05655581
28.777536, C00, 0.04336011
28.827497, C00, 0.1016278
28.877458, C00, 0.05757999
28.927419, C00, 0.0251959
28.97738, C00, 0.03650039
29.027341, C00, 0.1153891
29.077302, C00, 0.08670247
29.127263, C00, 0.0284487
29.177224, C00, 0.06886983
29.227185, C00, 0.08526593
29.277146, C00, 0.08939099
29.327107, C00, 0.1139333
29.427029, C00, 0.0983057
29.47699, C00, 0.04268551
29.526951, C00, 0.03385925
29.576912, C00, 0.03933775
29.626873, C00, 0.02264667
29.776756, C00, 0.07435191
29.826717, C00, 0.08491313
29.876678, C00, 0.1008109
29.926639, C00, 0.08274436
29.9766, C00, 0.08865488
30.026561, C00, 0.05561769
30.076522, C00, 0.06126285
30.126483, C00, 0.06236422
30.176444, C00, 0.07492363
30.226405, C00, 0.06598437
30.276366, C00, 0.02443254
30.326327, C00, 0.076949
30.376288, C00, 0.103151
30.426249, C00, 0.0806601
30.47621, C00, 0.0932982
30.526171, C00, 0.06967258
30.576132, C00, 0.06684315
30.626093, C00, 0.09208202
30.676054, C00, 0.02565598
30.726015, C00, 0.07514012
30.775976, C00, 0.160726
30.925859, C00, 0.07074535
30.97582, C00, 0.07193315
31.025781, C00, 0.1061118
31.075742, C00, 0.04234648
31.175664, C00, 0.04948509
31.225625, C00, 0.02645195
31.275586, C00, 0.02727711
31.325547, C00, 0.02218282
31.375508, C00, 0.04923284
31.425469, C00, 0.03474915
31.525391, C00, 0.05325651
31.575352, C00, 0.01918948
31.625313, C00, 0.07244849
31.675274, C00, 0.06369209
31.725235, C00, 0.04960036
31.825157, C00, 0.04321611
31.97504, C00, 0.04211318
32.025001, C00, 0.07391286
32.074962, C00, 0.02626598
32.124923, C00, 0.03291225
32.174884, C00, 0.03058004
32.224845, C00, 0.02320397
32.274806, C00, 0.04420233
32.374728, C00, 0.02752191
32.47465, C00, 0.04314625
32.624533, C00, 0.04075587
32.724455, C00, 0.04026431
32.774416, C00, 0.02045155
32.874338, C00, 0.04921699
32.924299, C00, 0.03272498
33.024221, C00, 0.03548586
33.074182, C00, 0.02083337
33.124143, C00, 0.02921212
33.174104, C00, 0.02009767
33.224065, C00, 0.03684717
33.274026, C00, 0.01986754
33.423909, C00, 0.03531903
33.523831, C00, 0.03799683
33.623753, C00, 0.02968353
33.673714, C00, 0.03684658
33.723675, C00, 0.02184314
33.773636, C00, 0.02770764
33.823597, C00, 0.03855306
33.873558, C00, 0.0312646
33.97348, C00, 0.03947383
34.023441, C00, 0.04620844
34.223285, C00, 0.03343803
34.323207, C00, 0.019988
34.373168, C00, 0.02801371
34.423129, C00, 0.02101272
34.47309, C00, 0.0339731
34.622973, C00, 0.02340323
34.672934, C00, 0.02378291
34.772856, C00, 0.03517401
34.872778, C00, 0.02245617
34.922739, C00, 0.01915938
35.122583, C00, 0.03159901
35.172544, C00, 0.02861083
35.322427, C00, 0.02378425
35.47231, C00, 0.02214831
35.522271, C00, 0.03040233
35.672154, C00, 0.03282034
35.871998, C00, 0.02039194
36.121803, C00, 0.02541804
36.521491, C00, 0.02768826
37.021101, C00, 0.02722621
37.920399, C00, 0.03557779
111.812718, C00, 0.03446072
111.862679, C00, 0.03199255
111.91264, C00, 0.02617512
111.962601, C00, 0.0405578
112.012562, C00, 0.04163426
112.062523, C00, 0.02715003
112.112484, C00, 0.03047201
112.162445, C00, 0.03350605
112.212406, C00, 0.04545659
112.262367, C00, 0.03520694
112.312328, C00, 0.05496761
112.362289, C00, 0.03915587
112.41225, C00, 0.05652565
112.462211, C00, 0.06164047
112.512172, C00, 0.05169693
112.562133, C00, 0.05631027
112.612094, C00, 0.07126597
112.662055, C00, 0.03664821
112.712016, C00, 0.05214226
112.761977, C00, 0.05327594
112.811938, C00, 0.06689328
112.861899, C00, 0.07022148
112.91186, C00, 0.07586497
112.961821, C00, 0.04193366
113.011782, C00, 0.04872346
113.061743, C00, 0.06759298
113.111704, C00, 0.04998285
113.161665, C00, 0.02784944
113.211626, C00, 0.05741173
113.311548, C00, 0.0555923
113.361509, C00, 0.02932858
113.461431, C00, 0.02179962
113.511392, C00, 0.03680277
113.561353, C00, 0.04471207
113.611314, C00, 0.01931077
113.661275, C00, 0.02896708
113.761197, C00, 0.03249323
113.811158, C00, 0.02106124
113.861119, C00, 0.03350145
114.011002, C00, 0.02794749
114.060963, C00, 0.02665555
114.260807, C00, 0.03497201
114.41069, C00, 0.04206347
114.610534, C00, 0.05447936
114.660495, C00, 0.1012331
114.710456, C00, 0.04505944
114.810378, C00, 0.02087796
114.860339, C00, 0.04064041
114.9103, C00, 0.04967356
114.960261, C00, 0.06573141
115.010222, C00, 0.03866214
115.060183, C00, 0.08783686
115.110144, C00, 0.1331809
115.210066, C00, 0.1123382
115.260027, C00, 0.1245357
115.309988, C00, 0.0529815
115.359949, C00, 0.1064094
115.40991, C00, 0.06441879
115.459871, C00, 0.08106732
115.509832, C00, 0.04265308
115.559793, C00, 0.07558715
115.609754, C00, 0.05402851
115.659715, C00, 0.1465237
115.709676, C00, 0.06400406
115.759637, C00, 0.03888786
115.809598, C00, 0.06970859
115.859559, C00, 0.06006932
115.90952, C00, 0.05226386
115.959481, C00, 0.02247441
116.059403, C00, 0.06398392
116.109364, C00, 0.04430246
116.159325, C00, 0.1013846
116.209286, C00, 0.04596043
116.309208, C00, 0.02082419
116.40913, C00, 0.04892194
116.459091, C00, 0.04003739
116.559013, C00, 0.03372288
116.608974, C00, 0.01959097
116.658935, C00, 0.02744865
116.708896, C00, 0.02987957
116.808818, C00, 0.04346383
116.858779, C00, 0.02253473
116.90874, C00, 0.0391258
117.008662, C00, 0.04597878
117.108584, C00, 0.02884048
117.158545, C00, 0.02641368
117.258467, C00, 0.02186853
117.308428, C00, 0.01945055
117.358389, C00, 0.0238108
117.40835, C00, 0.02003217
117.458311, C00, 0.02076441
117.508272, C00, 0.02223212
117.558233, C00, 0.04479593
117.608194, C00, 0.0344308
117.658155, C00, 0.02128226
117.708116, C00, 0.02782065
117.857999, C00, 0.03066534
117.957921, C00, 0.03278887
118.007882, C00, 0.03111118
118.107804, C00, 0.03456759
118.207726, C00, 0.03533447
118.257687, C00, 0.0508287
118.457531, C00, 0.02739537
118.507492, C00, 0.02363276
118.657375, C00, 0.02855146
118.757297, C00, 0.02926385
118.857219, C00, 0.02589732
118.90718, C00, 0.01931012
119.057063, C00, 0.03318006
119.156985, C00, 0.04456407
119.206946, C00, 0.02998674
119.456751, C00, 0.0187861
119.606634, C00, 0.02473044
119.656595, C00, 0.02177998
119.756517, C00, 0.01919043
119.9064, C00, 0.02585423
120.056283, C00, 0.04345915
120.455971, C00, 0.02663657
120.90562, C00, 0.02038309
121.40523, C00, 0.01981619
122.054723, C00, 0.02303655
122.254567, C00, 0.0204504
123.053943, C00, 0.02296045
259.897122, C00, 0.01899875
259.947083, C00, 0.03805006
259.997044, C00, 0.05468152
260.047005, C00, 0.03572036
260.096966, C00, 0.04111399
260.146927, C00, 0.03280282
260.196888, C00, 0.02182633
260.246849, C00, 0.03533337
260.29681, C00, 0.04509878
260.346771, C00, 0.06342173
260.396732, C00, 0.0527921
260.446693, C00, 0.08374989
260.496654, C00, 0.05405515
260.546615, C00, 0.05444005
260.646537, C00, 0.03417099
260.696498, C00, 0.07040471
260.746459, C00, 0.06803757
260.79642, C00, 0.07331842
260.846381, C00, 0.07108688
260.896342, C00, 0.04879433
260.946303, C00, 0.08429092
260.996264, C00, 0.05969447
261.046225, C00, 0.0446915
261.096186, C00, 0.04616785
261.146147, C00, 0.04565775
261.196108, C00, 0.04039758
261.246069, C00, 0.08642381
261.29603, C00, 0.0290482
261.395952, C00, 0.02562934
261.495874, C00, 0.03387582
261.645757, C00, 0.02671921
261.79564, C00, 0.03145957
261.945523, C00, 0.03747374
262.195328, C00, 0.02144045
262.245289, C00, 0.02089
262.29525, C00, 0.03063512
262.395172, C00, 0.03992546
262.595016, C00, 0.04620522
262.644977, C00, 0.0227952
263.244509, C00, 0.01910016
263.444353, C00, 0.01916483
264.143807, C00, 0.02681902
264.443573, C00, 0.02021778
264.693378, C00, 0.01967072
265.143027, C00, 0.03336865
265.542715, C00, 0.02096432
265.892442, C00, 0.0216518
266.442013, C00, 0.02186871
267.541155, C00, 0.02030146
267.840921, C00, 0.0349008
267.890882, C00, 0.0465603
268.390492, C00, 0.02955164
268.540375, C00, 0.05565342
268.590336, C00, 0.02155586
269.139907, C00, 0.0314464
278.332731, C00, 0.03514034
278.382692, C00, 0.05480186
278.432653, C00, 0.04730872
278.482614, C00, 0.05762449
278.532575, C00, 0.0435985
278.582536, C00, 0.04805742
278.632497, C00, 0.05211169
278.682458, C00, 0.04648128
278.732419, C00, 0.02893788
278.78238, C00, 0.06140116
278.832341, C00, 0.03688335
278.882302, C00, 0.06383663
278.932263, C00, 0.0469397
279.032185, C00, 0.03882992
279.082146, C00, 0.04589868
279.132107, C00, 0.0790773
279.182068, C00, 0.08787751
279.232029, C00, 0.07560134
279.28199, C00, 0.0749166
279.531795, C00, 0.02403533
279.931483, C00, 0.0349353
280.131327, C00, 0.02473885
280.28121, C00, 0.01867312
280.531015, C00, 0.0552159
280.680898, C00, 0.02053818
281.030625, C00, 0.0205456
281.180508, C00, 0.02430043
281.480274, C00, 0.02063745
283.728519, C00, 0.02156475
284.677778, C00, 0.02171087
478.994098, C00, 0.03055519
490.635011, C00, 0.04076315
490.684972, C00, 0.03722844
490.734933, C00, 0.03263593
490.784894, C00, 0.03955478
490.834855, C00, 0.02682394
490.884816, C00, 0.04516076
490.934777, C00, 0.05792288
490.984738, C00, 0.04179466
491.034699, C00, 0.06158131
491.08466, C00, 0.02988344
491.134621, C00, 0.0373635
491.184582, C00, 0.04725748
491.234543, C00, 0.06050405
491.284504, C00, 0.05942884
491.334465, C00, 0.0233421
491.384426, C00, 0.03890923
491.434387, C00, 0.01789793
491.484348, C00, 0.02725685
491.534309, C00, 0.07072142
491.58427, C00, 0.06296271
491.634231, C00, 0.06278634
491.684192, C00, 0.02725738
491.734153, C00, 0.05772299
491.784114, C00, 0.07005227
491.834075, C00, 0.05353725
491.884036, C00, 0.09523672
491.933997, C00, 0.0693453
491.983958, C00, 0.06993455
492.033919, C00, 0.07983983
492.08388, C00, 0.04032779
492.133841, C00, 0.03378242
492.183802, C00, 0.08412302
492.233763, C00, 0.03960425
492.283724, C00, 0.06018102
492.333685, C00, 0.07067138
492.383646, C00, 0.07219249
492.433607, C00, 0.07572728
492.483568, C00, 0.02578187
492.533529, C00, 0.03809893
492.58349, C00, 0.02828431
492.633451, C00, 0.0581848
492.683412, C00, 0.1062614
492.733373, C00, 0.07284987
492.783334, C00, 0.04667664
492.883256, C00, 0.1013197
492.933217, C00, 0.04966283
492.983178, C00, 0.05941045
493.033139, C00, 0.02943683
493.183022, C00, 0.04603219
493.232983, C00, 0.09683478
493.282944, C00, 0.02853501
493.332905, C00, 0.05648148
493.382866, C00, 0.0251081
493.58271, C00, 0.07106364
493.632671, C00, 0.0853197
493.682632, C00, 0.06440175
493.732593, C00, 0.066769
493.782554, C00, 0.04626238
493.832515, C00, 0.05138206
493.882476, C00, 0.06882799
493.932437, C00, 0.07255924
493.982398, C00, 0.03383255
494.032359, C00, 0.0685395
494.08232, C00, 0.04208744
494.232203, C00, 0.06129467
494.282164, C00, 0.02595973
494.482008, C00, 0.02059108
494.531969, C00, 0.04947555
494.58193, C00, 0.06806153
494.681852, C00, 0.03639293
494.831735, C00, 0.0364784
494.931657, C00, 0.03165299
494.981618, C00, 0.03282529
495.08154, C00, 0.02036107
495.181462, C00, 0.02299255
495.231423, C00, 0.01734322
495.281384, C00, 0.03361821
495.331345, C00, 0.03360349
495.481228, C00, 0.05740082
495.531189, C00, 0.08726847
495.58115, C00, 0.01831877
495.880916, C00, 0.01767617
495.930877, C00, 0.05479634
495.980838, C00, 0.03436118
496.230643, C00, 0.02877176
496.280604, C00, 0.02514112
496.380526, C00, 0.02449071
496.480448, C00, 0.02258545
496.530409, C00, 0.02028972
496.58037, C00, 0.02468377
496.730253, C00, 0.0275934
496.830175, C00, 0.02432433
496.980058, C00, 0.02674103
497.030019, C00, 0.02267697
497.129941, C00, 0.038223
497.479668, C00, 0.02129528
497.529629, C00, 0.02797392
497.929317, C00, 0.02638552
498.378966, C00, 0.0219864
498.428927, C00, 0.01607668
498.528849, C00, 0.01689106
498.778654, C00, 0.02233368
499.028459, C00, 0.03308481
499.57803, C00, 0.02246641
500.427367, C00, 0.02346095
675.390789, C00, 0.02740184
675.44075, C00, 0.03240126
675.490711, C00, 0.02352148
675.540672, C00, 0.02715264
675.590633, C00, 0.02817871
675.640594, C00, 0.04748568
675.690555, C00, 0.04511105
675.740516, C00, 0.01726052
675.790477, C00, 0.02770041
675.8404379999999, C00, 0.04353054
675.890399, C00, 0.02347264
675.990321, C00, 0.05941734
676.040282, C00, 0.02300224
677.189385, C00, 0.02746244
1018.572898, C00, 0.01760365
1018.622859, C00, 0.02486303
1950.660051, C00, 0.01829184
87.63159400000001, C01, 0.09398845
87.681555, C01, 0.1002745
87.731516, C01, 0.1007514
87.781477, C01, 0.1045181
87.83143800000001, C01, 0.03724232
87.93136, C01, 0.1211817
87.98132099999999, C01, 0.1620363
88.031282, C01, 0.1195453
88.081243, C01, 0.02364057
88.131204, C01, 0.11099
88.18116499999999, C01, 0.09629071
88.231126, C01, 0.2068905
88.281087, C01, 0.1154946
88.331048, C01, 0.1092854
88.38100900000001, C01, 0.0815891
88.43097, C01, 0.1482444
88.480931, C01, 0.1745099
88.53089199999999, C01, 0.02753675
88.580853, C01, 0.1014756
88.780697, C01, 0.0330205
88.830658, C01, 0.1270419
88.880619, C01, 0.2049677
88.93058000000001, C01, 0.1745099
88.980541, C01, 0.1697273
89.030502, C01, 0.1053674
89.08046299999999, C01, 0.05949187
89.130424, C01, 0.109315
89.180385, C01, 0.1904993
89.230346, C01, 0.1611435
89.28030699999999, C01, 0.1053034
89.330268, C01, 0.01944196
89.380229, C01, 0.07371593
89.43019, C01, 0.09974062
89.48015100000001, C01, 0.07337427
89.530112, C01, 0.09170878
89.580073, C01, 0.04247773
89.63003399999999, C01, 0.1921146
89.67999500000001, C01, 0.09875667
89.729956, C01, 0.08396959
89.779917, C01, 0.1031288
89.82987799999999, C01, 0.1217377
89.879839, C01, 0.01823926
89.9298, C01, 0.06208277
89.979761, C01, 0.02869248
90.02972200000001, C01, 0.1142855
90.079683, C01, 0.04015267
90.129644, C01, 0.05874527
90.179605, C01, 0.02737916
90.329488, C01, 0.02640367
90.37944899999999, C01, 0.06332672
90.42941, C01, 0.01895249
90.57929300000001, C01, 0.03354859
90.629254, C01, 0.01737189
90.679215, C01, 0.0192858
90.729176, C01, 0.0219022
90.77913700000001, C01, 0.03736722
90.829098, C01, 0.02429307
90.92901999999999, C01, 0.03011358
90.978981, C01, 0.03594708
91.078903, C01, 0.05848086
91.178825, C01, 0.02341497
91.32870800000001, C01, 0.02806032
91.378669, C01, 0.01703835
91.42863, C01, 0.0215956
91.47859099999999, C01, 0.02011943
91.528552, C01, 0.02453804
91.578513, C01, 0.02756935
91.778357, C01, 0.01719606
91.828318, C01, 0.01952857
91.92824, C01, 0.02025104
92.07812300000001, C01, 0.03397775
92.22800599999999, C01, 0.02560151
92.42785000000001, C01, 0.01844454
92.477811, C01, 0.02016318
92.77757699999999, C01, 0.0189963
92.92746, C01, 0.02066672
93.72683600000001, C01, 0.01763353
93.976641, C01, 0.01798627
168.618375, C01, 0.0725234
168.668336, C01, 0.09503448
168.718297, C01, 0.09684297
185.85492, C01, 0.08626088
185.904881, C01, 0.1053075
185.954842, C01, 0.1366968
186.004803, C01, 0.04998386
186.054764, C01, 0.02310127
186.104725, C01, 0.05064869
186.154686, C01, 0.136628
186.204647, C01, 0.1543529
186.254608, C01, 0.1405078
186.85414, C01, 0.02572986
186.904101, C01, 0.01920345
187.503633, C01, 0.01878229
187.753438, C01, 0.01749405
187.803399, C01, 0.06401664
188.652736, C01, 0.04942465
188.752658, C01, 0.02466722
270.738659, C01, 0.06655868
270.78862, C01, 0.1344654
270.838581, C01, 0.02675208
270.888542, C01, 0.06539081
270.938503, C01, 0.1296134
270.988464, C01, 0.02190611
271.038425, C01, 0.067393
271.338191, C01, 0.1025881
271.388152, C01, 0.1447156
271.438113, C01, 0.03702974
271.488074, C01, 0.01960766
271.538035, C01, 0.06192166
271.587996, C01, 0.1965881
271.637957, C01, 0.1614523
271.687918, C01, 0.1818992
271.737879, C01, 0.1195598
271.78784, C01, 0.1143003
271.837801, C01, 0.1681045
271.887762, C01, 0.1013695
271.937723, C01, 0.06452394
271.987684, C01, 0.05310249
272.037645, C01, 0.04548919
272.087606, C01, 0.1999258
272.137567, C01, 0.1497018
272.187528, C01, 0.1040685
272.237489, C01, 0.1675692
272.28745, C01, 0.09341609
272.337411, C01, 0.1493906
272.387372, C01, 0.1003498
272.437333, C01, 0.1414706
272.487294, C01, 0.1202222
272.537255, C01, 0.1329299
272.587216, C01, 0.02818179
272.637177, C01, 0.05824876
272.687138, C01, 0.05406737
272.737099, C01, 0.1039521
272.78706, C01, 0.2060044
272.837021, C01, 0.1731191
272.886982, C01, 0.1225116
272.936943, C01, 0.1360688
272.986904, C01, 0.1464596
273.036865, C01, 0.04746509
273.086826, C01, 0.1042597
273.136787, C01, 0.1562467
273.186748, C01, 0.1352012
273.236709, C01, 0.05124593
273.28667, C01, 0.1006489
273.386592, C01, 0.04186487
273.436553, C01, 0.05559587
273.486514, C01, 0.02898133
273.536475, C01, 0.02582896
273.636397, C01, 0.03915298
273.686358, C01, 0.0231421
273.736319, C01, 0.08001149
273.836241, C01, 0.05180323
273.936163, C01, 0.03710711
273.986124, C01, 0.05090475
274.036085, C01, 0.02050304
274.086046, C01, 0.02623498
274.136007, C01, 0.01813066
274.185968, C01, 0.03681934
274.235929, C01, 0.03625298
274.335851, C01, 0.07176626
274.535695, C01, 0.03251803
274.585656, C01, 0.03657746
274.635617, C01, 0.04027617
274.7855, C01, 0.04082084
274.835461, C01, 0.03408217
274.935383, C01, 0.03236175
275.035305, C01, 0.02704543
275.085266, C01, 0.0208441
275.135227, C01, 0.02092874
275.28511, C01, 0.0187881
275.335071, C01, 0.02398884
275.385032, C01, 0.01729393
275.434993, C01, 0.03127486
275.534915, C01, 0.02870864
275.584876, C01, 0.01985866
275.734759, C01, 0.02541852
275.934603, C01, 0.01816398
276.134447, C01, 0.01800907
276.28433, C01, 0.03076914
276.434213, C01, 0.01819694
276.684018, C01, 0.01856449
276.78394, C01, 0.01736706
489.036259, C01, 0.01828925
581.464109, C01, 0.0146089
598.0012, C01, 0.01263413
641.117543, C01, 0.01968808
641.167504, C01, 0.08992439
641.2174649999999, C01, 0.03725118
641.367348, C01, 0.09384231
641.417309, C01, 0.1429581
641.46727, C01, 0.02413261
773.714037, C01, 0.0121516
793.698437, C01, 0.02008098
793.748398, C01, 0.05415481
794.497813, C01, 0.015451
837.963883, C01, 0.02083036
890.173128, C01, 0.01925725
1207.575361, C01, 0.02032086
1426.619122, C01, 0.01255643
1486.022751, C01, 0.06387471
1629.710587, C01, 0.04579996
1641.301539, C01, 0.06333546
1641.3515, C01, 0.1294922
1641.401461, C01, 0.09484261
1641.451422, C01, 0.07873607
1641.651266, C01, 0.1073496
1641.701227, C01, 0.1272991
1641.751188, C01, 0.04554525
1641.801149, C01, 0.1301403
1641.85111, C01, 0.1536607
1642.550564, C01, 0.02058017
1642.700447, C01, 0.01551563
1642.800369, C01, 0.01449311
1642.950252, C01, 0.01214366
1643.200057, C01, 0.01300646
1643.84955, C01, 0.01185042
1644.099355, C01, 0.01386371
26.329447, C02, 0.01980118
30.97582, C02, 0.03626977
31.025781, C02, 0.05331193
31.075742, C02, 0.0816876
31.125703, C02, 0.05748677
31.175664, C02, 0.04819806
31.225625, C02, 0.04913548
32.124923, C02, 0.0281523
38.719775, C02, 0.03050247
38.769736, C02, 0.07031508
38.819697, C02, 0.07138626
38.869658, C02, 0.04405183
38.919619, C02, 0.0484564
38.96958, C02, 0.05625585
56.855618, C02, 0.03478094
56.905579, C02, 0.06411899
56.95554, C02, 0.02308565
81.036742, C02, 0.07487989
92.727616, C02, 0.03964688
92.77757699999999, C02, 0.06805137
92.827538, C02, 0.07977656
92.877499, C02, 0.04954173
92.92746, C02, 0.05836578
92.97742100000001, C02, 0.06158322
93.027382, C02, 0.03960168
93.077343, C02, 0.09142801
93.127304, C02, 0.0763796
93.17726500000001, C02, 0.06838915
93.227226, C02, 0.08390099
93.277187, C02, 0.07705247
93.32714799999999, C02, 0.1144192
93.377109, C02, 0.02024561
93.42707, C02, 0.01889849
93.477031, C02, 0.04363108
93.52699200000001, C02, 0.08321083
93.576953, C02, 0.03955638
93.626914, C02, 0.0248186
94.126524, C02, 0.02291259
158.925941, C02, 0.05599206
158.975902, C02, 0.06787318
159.325629, C02, 0.08665631
159.37559, C02, 0.05408128
159.425551, C02, 0.07861379
159.475512, C02, 0.084824
159.525473, C02, 0.08961704
159.575434, C02, 0.08176053
159.625395, C02, 0.07871816
159.675356, C02, 0.09135777
159.725317, C02, 0.1045824
159.775278, C02, 0.08721715
159.825239, C02, 0.0701859
159.8752, C02, 0.06485426
159.925161, C02, 0.08616269
159.975122, C02, 0.06236255
160.025083, C02, 0.04442102
160.075044, C02, 0.03468704
160.125005, C02, 0.06471765
160.174966, C02, 0.03522819
160.224927, C02, 0.0610435
160.274888, C02, 0.0414781
160.324849, C02, 0.1150149
160.37481, C02, 0.05721128
160.424771, C02, 0.08549142
160.474732, C02, 0.08975863
160.524693, C02, 0.05656242
160.574654, C02, 0.06212234
160.624615, C02, 0.07776427
160.674576, C02, 0.02539289
160.724537, C02, 0.02890551
160.774498, C02, 0.08485913
160.824459, C02, 0.1226152
160.87442, C02, 0.05103076
160.924381, C02, 0.05068147
160.974342, C02, 0.03298748
161.074264, C02, 0.0508765
161.124225, C02, 0.04386282
161.174186, C02, 0.072541
161.224147, C02, 0.08267593
161.274108, C02, 0.07038736
161.324069, C02, 0.0370326
161.37403, C02, 0.06117654
161.423991, C02, 0.05496728
161.473952, C02, 0.06145144
161.523913, C02, 0.05702019
161.573874, C02, 0.08171892
161.623835, C02, 0.08720315
161.673796, C02, 0.03475773
161.723757, C02, 0.03385997
161.773718, C02, 0.0340097
161.823679, C02, 0.03067529
162.073484, C02, 0.02432299
162.123445, C02, 0.03424072
162.223367, C02, 0.0355137
162.37325, C02, 0.03533655
162.423211, C02, 0.02884054
162.473172, C02, 0.04032433
162.673016, C02, 0.01900756
163.322509, C02, 0.03415915
163.522353, C02, 0.02635655
233.767519, C02, 0.02126592
233.81748, C02, 0.04502135
233.867441, C02, 0.03009333
236.965023, C02, 0.04508357
279.132107, C02, 0.02099008
279.182068, C02, 0.03737453
279.232029, C02, 0.02993283
279.28199, C02, 0.04805849
279.331951, C02, 0.02183305
279.381912, C02, 0.03425209
279.431873, C02, 0.04929452
279.481834, C02, 0.0485353
279.531795, C02, 0.06934446
279.581756, C02, 0.07915664
279.631717, C02, 0.04206234
279.681678, C02, 0.0714632
279.731639, C02, 0.06348085
279.7816, C02, 0.06339973
279.831561, C02, 0.06227535
279.881522, C02, 0.04675448
279.931483, C02, 0.05347002
279.981444, C02, 0.06385654
280.031405, C02, 0.05086398
280.131327, C02, 0.07005614
280.181288, C02, 0.1224104
280.231249, C02, 0.06402051
280.28121, C02, 0.03131759
280.381132, C02, 0.08587265
280.431093, C02, 0.05291396
280.481054, C02, 0.04449153
280.531015, C02, 0.07760477
280.580976, C02, 0.03463578
280.630937, C02, 0.01965982
280.680898, C02, 0.03926611
280.730859, C02, 0.03508675
280.830781, C02, 0.02760553
545.741994, C02, 0.01768108
618.585132, C02, 0.01767113
770.166806, C02, 0.02824706
0.199844, C06, 0.02141391
4.846217, C06, 0.02019486
6.444969, C06, 0.02560721
6.594852, C06, 0.03741905
6.744735, C06, 0.02943562
6.794696, C06, 0.03540748
7.394228, C06, 0.03212412
7.693994, C06, 0.02109343
8.143643000000001, C06, 0.0206804
8.293526, C06, 0.02509265
11.690874, C06, 0.02537282
19.884478, C06, 0.02540137
22.732255, C06, 0.02283828
23.731475, C06, 0.02604474
24.780656, C06, 0.02223838
25.230305, C06, 0.03306767
25.48011, C06, 0.02159523
26.629213, C06, 0.0289261
28.927419, C06, 0.02282744
31.175664, C06, 0.02484488
42.366928, C06, 0.02556763
43.416109, C06, 0.02158505
67.847038, C06, 0.03032104
71.59411299999999, C06, 0.02219725
71.79395700000001, C06, 0.02937562
72.243606, C06, 0.02431848
76.540252, C06, 0.02742021
77.539472, C06, 0.02598352
78.03908199999999, C06, 0.02417591
82.385689, C06, 0.0300112
83.235026, C06, 0.02402618
83.634714, C06, 0.0236103
85.683115, C06, 0.02353294
86.282647, C06, 0.02241091
86.33260799999999, C06, 0.02029427
86.982101, C06, 0.02198285
94.62613399999999, C06, 0.02134862
95.275627, C06, 0.02132343
95.475471, C06, 0.02211946
97.97352100000001, C06, 0.02477156
98.52309200000001, C06, 0.02767579
106.516852, C06, 0.03304087
106.966501, C06, 0.02239939
108.865019, C06, 0.025975
109.864239, C06, 0.03060321
109.9142, C06, 0.02866241
110.91342, C06, 0.02106015
111.462991, C06, 0.02031697
111.762757, C06, 0.02482545
113.661275, C06, 0.02295619
113.761197, C06, 0.02226479
115.709676, C06, 0.02091911
118.857219, C06, 0.02106297
124.003202, C06, 0.02726218
124.103124, C06, 0.02583506
124.203046, C06, 0.02123329
124.352929, C06, 0.02185185
125.252227, C06, 0.02204064
126.101564, C06, 0.02973174
126.201486, C06, 0.02091165
126.40133, C06, 0.03190391
126.651135, C06, 0.02225342
127.250667, C06, 0.02831526
127.450511, C06, 0.02769442
127.850199, C06, 0.02692592
127.90016, C06, 0.02256972
127.950121, C06, 0.02022378
128.000082, C06, 0.02084439
128.050043, C06, 0.03858298
128.449731, C06, 0.02272445
128.749497, C06, 0.02049571
134.445051, C06, 0.02764235
141.339669, C06, 0.02373821
142.38885, C06, 0.02124885
149.483312, C06, 0.02670143
156.178086, C06, 0.02472353
159.8752, C06, 0.02012562
161.124225, C06, 0.02578044
161.623835, C06, 0.02195654
164.721417, C06, 0.02139591
164.771378, C06, 0.03123801
165.221027, C06, 0.02021144
165.470832, C06, 0.02256705
165.620715, C06, 0.02083363
165.670676, C06, 0.0214273
166.220247, C06, 0.03919873
166.270208, C06, 0.02737929
166.320169, C06, 0.02798551
166.420091, C06, 0.0321313
167.519233, C06, 0.02763206
168.218687, C06, 0.02922665
168.268648, C06, 0.02272335
169.317829, C06, 0.02041374
169.417751, C06, 0.03826304
169.517673, C06, 0.05245158
169.567634, C06, 0.03267239
169.617595, C06, 0.02391317
169.767478, C06, 0.02347502
169.967322, C06, 0.02524823
170.167166, C06, 0.02693623
170.86662, C06, 0.02255382
171.516113, C06, 0.03126313
172.86506, C06, 0.02713128
174.164046, C06, 0.02353544
174.214007, C06, 0.02503661
174.263968, C06, 0.03702959
174.36389, C06, 0.0211757
174.463812, C06, 0.02163056
174.513773, C06, 0.02894183
174.8635, C06, 0.02556662
174.963422, C06, 0.02126426
175.213227, C06, 0.02712274
175.263188, C06, 0.05085057
175.313149, C06, 0.0201748
175.36311, C06, 0.02597162
175.463032, C06, 0.03655496
175.86272, C06, 0.02038366
175.962642, C06, 0.02378276
176.162486, C06, 0.02803519
176.212447, C06, 0.02558386
176.262408, C06, 0.0283716
176.312369, C06, 0.02620563
176.36233, C06, 0.02693853
176.462252, C06, 0.02341151
176.512213, C06, 0.03902593
177.011823, C06, 0.02210918
178.210887, C06, 0.02739324
182.707377, C06, 0.02299815
183.556714, C06, 0.02308864
197.745638, C06, 0.0211591
201.592635, C06, 0.03503824
204.940022, C06, 0.02757582
206.189047, C06, 0.02892443
206.388891, C06, 0.0257684
206.988423, C06, 0.03435186
207.088345, C06, 0.02749543
207.238228, C06, 0.02500926
207.388111, C06, 0.02222899
207.887721, C06, 0.02257863
207.937682, C06, 0.0240508
209.33659, C06, 0.02349793
212.134406, C06, 0.02445171
212.733938, C06, 0.02326018
220.82762, C06, 0.02482863
230.969703, C06, 0.02427767
231.169547, C06, 0.02501518
232.368611, C06, 0.02207183
233.867441, C06, 0.02076833
238.863541, C06, 0.02120032
241.81124, C06, 0.02403105
242.31085, C06, 0.02167847
242.410772, C06, 0.02292671
243.010304, C06, 0.02515913
243.060265, C06, 0.03671055
243.110226, C06, 0.02192862
243.160187, C06, 0.0301701
243.909602, C06, 0.02209881
244.159407, C06, 0.02310622
244.359251, C06, 0.03915408
244.409212, C06, 0.02604683
244.459173, C06, 0.02005485
244.8089, C06, 0.02223234
244.958783, C06, 0.0272989
246.357691, C06, 0.0331673
246.457613, C06, 0.02574371
246.507574, C06, 0.03299633
246.707418, C06, 0.02927698
246.857301, C06, 0.02089387
247.007184, C06, 0.03769922
247.107106, C06, 0.02504934
247.356911, C06, 0.02299105
247.556755, C06, 0.02899703
247.756599, C06, 0.03146991
248.156287, C06, 0.03707758
248.206248, C06, 0.04094321
248.256209, C06, 0.03517896
248.30617, C06, 0.02710357
248.356131, C06, 0.02225068
248.905702, C06, 0.02743751
249.005624, C06, 0.03890119
249.055585, C06, 0.03150699
249.405312, C06, 0.03518873
249.605156, C06, 0.02516748
250.404532, C06, 0.02017024
250.504454, C06, 0.02503195
250.554415, C06, 0.03096908
251.80344, C06, 0.02302344
254.651217, C06, 0.0274488
254.701178, C06, 0.03104823
254.8011, C06, 0.02036041
255.30071, C06, 0.02166008
255.600476, C06, 0.02480973
255.700398, C06, 0.04507934
255.80032, C06, 0.049381
255.850281, C06, 0.04140234
255.900242, C06, 0.04297271
255.950203, C06, 0.02784011
256.000164, C06, 0.02619997
256.200008, C06, 0.03411984
256.249969, C06, 0.04049605
256.29993, C06, 0.04139242
256.349891, C06, 0.02079204
256.499774, C06, 0.02116314
256.549735, C06, 0.05517092
256.599696, C06, 0.03083584
256.749579, C06, 0.02218047
256.899462, C06, 0.02011025
257.049345, C06, 0.02165923
257.149267, C06, 0.02098289
257.399072, C06, 0.02568182
257.449033, C06, 0.04652885
257.498994, C06, 0.04298142
257.548955, C06, 0.0429239
257.598916, C06, 0.04676872
257.648877, C06, 0.05031419
257.698838, C06, 0.0380215
257.79876, C06, 0.02048725
257.898682, C06, 0.02993754
258.498214, C06, 0.02145356
261.945523, C06, 0.02002755
261.995484, C06, 0.01999688
262.844821, C06, 0.02958214
266.392052, C06, 0.02072278
266.841701, C06, 0.02001844
267.041545, C06, 0.02227783
270.139127, C06, 0.0230822
270.189088, C06, 0.02277079
270.388932, C06, 0.02338161
273.636397, C06, 0.02425622
279.132107, C06, 0.03533729
279.581756, C06, 0.02243172
279.681678, C06, 0.03458273
279.831561, C06, 0.02415822
280.031405, C06, 0.02302803
280.980664, C06, 0.02521607
281.480274, C06, 0.03425775
283.029065, C06, 0.02309109
283.178948, C06, 0.02419572
298.017365, C06, 0.03305159
303.563036, C06, 0.02281116
304.312451, C06, 0.03085884
304.862022, C06, 0.02217451
305.211749, C06, 0.02444087
305.26171, C06, 0.02288227
306.210969, C06, 0.02100147
307.410033, C06, 0.0226033
307.609877, C06, 0.02720514
307.659838, C06, 0.02179068
307.809721, C06, 0.0278216
307.959604, C06, 0.02618794
308.25937, C06, 0.03031689
308.359292, C06, 0.02109452
438.225922, C06, 0.02196869
438.325844, C06, 0.02084965
438.675571, C06, 0.0204417
438.725532, C06, 0.04208571
440.024518, C06, 0.03405403
440.574089, C06, 0.02862133
440.723972, C06, 0.05080815
440.773933, C06, 0.03121343
440.873855, C06, 0.02496077
440.923816, C06, 0.02705486
440.973777, C06, 0.02469626
442.522568, C06, 0.01827172
447.61859, C06, 0.01928058
454.11352, C06, 0.02205757
454.213442, C06, 0.02094197
455.062779, C06, 0.01985808
455.11274, C06, 0.02387635
456.811414, C06, 0.02472907
457.960517, C06, 0.02291956
459.359425, C06, 0.01989234
459.409386, C06, 0.02357118
468.702132, C06, 0.02099261
469.151781, C06, 0.02242311
469.301664, C06, 0.02673277
470.151001, C06, 0.02575079
470.200962, C06, 0.02065288
470.300884, C06, 0.02071936
470.800494, C06, 0.0290143
471.799714, C06, 0.02346653
471.949597, C06, 0.02117451
472.149441, C06, 0.02741882
474.847335, C06, 0.02615529
474.897296, C06, 0.01831164
476.745853, C06, 0.02447691
476.995658, C06, 0.03699441
477.045619, C06, 0.0265509
477.695112, C06, 0.01861584
477.795034, C06, 0.01880555
478.144761, C06, 0.01909697
478.694332, C06, 0.02938963
478.944137, C06, 0.02676931
478.994098, C06, 0.0225599
480.942577, C06, 0.02039371
481.741953, C06, 0.02261814
482.391446, C06, 0.02109382
482.491368, C06, 0.0256718
482.641251, C06, 0.01834019
482.691212, C06, 0.02621835
482.741173, C06, 0.02026202
483.190822, C06, 0.02938698
483.240783, C06, 0.02238122
483.290744, C06, 0.05023964
483.340705, C06, 0.02093443
483.390666, C06, 0.01892351
483.640471, C06, 0.02407701
483.790354, C06, 0.02452114
484.789574, C06, 0.02491111
484.839535, C06, 0.0201603
488.836415, C06, 0.01950051
488.886376, C06, 0.01901847
492.183802, C06, 0.02799498
493.232983, C06, 0.02610645
493.932437, C06, 0.02348492
494.032359, C06, 0.02774876
494.132281, C06, 0.0227014
494.58193, C06, 0.0239916
496.180682, C06, 0.02073123
505.223623, C06, 0.02580359
509.220503, C06, 0.02103537
509.320425, C06, 0.01901617
511.268904, C06, 0.02253346
511.318865, C06, 0.0463002
511.368826, C06, 0.0205801
513.267344, C06, 0.01983392
513.367266, C06, 0.021814
513.617071, C06, 0.02646266
514.016759, C06, 0.02325924
514.766174, C06, 0.0185621
517.913717, C06, 0.01985423
518.9129370000001, C06, 0.02000059
518.962898, C06, 0.0211323
519.012859, C06, 0.01901534
519.112781, C06, 0.02948515
519.212703, C06, 0.0206579
520.511689, C06, 0.01978222
521.261104, C06, 0.0218276
521.311065, C06, 0.01883968
521.760714, C06, 0.02144036
521.9105970000001, C06, 0.02651079
522.859856, C06, 0.01995228
524.008959, C06, 0.02274051
525.307945, C06, 0.01897852
526.05736, C06, 0.02206815
526.457048, C06, 0.02344511
528.205683, C06, 0.0261281
528.255644, C06, 0.04270181
528.305605, C06, 0.05261612
528.355566, C06, 0.03020476
529.154942, C06, 0.02683066
530.204123, C06, 0.03248826
530.653772, C06, 0.02207743
530.753694, C06, 0.0187975
532.802095, C06, 0.02281129
532.8520559999999, C06, 0.02420419
532.902017, C06, 0.04795782
532.9519780000001, C06, 0.04074971
533.001939, C06, 0.02278891
533.251744, C06, 0.02272162
533.301705, C06, 0.03619674
533.351666, C06, 0.06024821
533.401627, C06, 0.03782865
533.451588, C06, 0.02911949
533.501549, C06, 0.02578714
533.651432, C06, 0.02538174
533.951198, C06, 0.01851153
534.250964, C06, 0.02501002
534.300925, C06, 0.03256667
534.400847, C06, 0.04569468
534.4508080000001, C06, 0.02107811
534.500769, C06, 0.06192443
534.55073, C06, 0.05120111
534.600691, C06, 0.03224155
534.650652, C06, 0.05047271
534.700613, C06, 0.05270544
534.750574, C06, 0.06497553
534.800535, C06, 0.02710837
534.850496, C06, 0.03674036
534.900457, C06, 0.03195864
534.950418, C06, 0.03087711
535.000379, C06, 0.01942253
535.05034, C06, 0.02273738
535.1003009999999, C06, 0.01953703
535.749794, C06, 0.01925895
535.799755, C06, 0.02098125
536.099521, C06, 0.02613446
536.349326, C06, 0.03070787
536.848936, C06, 0.025042
538.197883, C06, 0.05013503
538.247844, C06, 0.02460261
538.297805, C06, 0.04136287
538.397727, C06, 0.02280331
538.447688, C06, 0.02531081
538.597571, C06, 0.02202889
538.947298, C06, 0.02955255
539.646752, C06, 0.02742693
539.696713, C06, 0.02319117
539.746674, C06, 0.0223245
540.196323, C06, 0.01930946
541.295465, C06, 0.02008693
543.343866, C06, 0.02953102
546.091721, C06, 0.022167
546.1416819999999, C06, 0.02007358
546.341526, C06, 0.02135406
546.441448, C06, 0.03867562
546.491409, C06, 0.03437483
546.641292, C06, 0.01912658
546.941058, C06, 0.02149628
546.9910190000001, C06, 0.03631696
547.04098, C06, 0.01833984
547.090941, C06, 0.02233064
547.340746, C06, 0.03072709
548.3899269999999, C06, 0.02685495
548.589771, C06, 0.02289824
548.639732, C06, 0.02153309
548.689693, C06, 0.02000372
548.739654, C06, 0.03052506
548.889537, C06, 0.02052891
549.03942, C06, 0.01959071
549.289225, C06, 0.01865898
549.8887570000001, C06, 0.02725674
550.388367, C06, 0.02185032
550.937938, C06, 0.02020064
551.987119, C06, 0.02200909
552.286885, C06, 0.02237584
555.084701, C06, 0.01878794
555.884077, C06, 0.02302656
557.233024, C06, 0.02242686
558.831776, C06, 0.01836816
561.129982, C06, 0.01881061
562.778695, C06, 0.0201303
563.428188, C06, 0.0286386
563.877837, C06, 0.02475861
564.077681, C06, 0.03210053
564.127642, C06, 0.03047609
564.327486, C06, 0.0235348
564.927018, C06, 0.02327071
566.8255360000001, C06, 0.01919362
572.071441, C06, 0.01945125
572.121402, C06, 0.02568868
572.171363, C06, 0.01868007
572.221324, C06, 0.0335538
572.820856, C06, 0.02768645
573.720154, C06, 0.02903426
574.269725, C06, 0.0214102
575.868477, C06, 0.01963757
576.867697, C06, 0.02653049
577.167463, C06, 0.02627578
577.367307, C06, 0.01918009
577.417268, C06, 0.01833023
577.766995, C06, 0.02271466
577.816956, C06, 0.023118
577.8669169999999, C06, 0.02188092
577.916878, C06, 0.01834039
578.0168, C06, 0.02110867
578.116722, C06, 0.02636191
578.466449, C06, 0.03363205
578.816176, C06, 0.02186731
578.916098, C06, 0.03633252
579.115942, C06, 0.03295459
579.165903, C06, 0.01999587
579.215864, C06, 0.04501408
579.315786, C06, 0.02801737
579.415708, C06, 0.03743711
579.815396, C06, 0.0300011
579.865357, C06, 0.02248618
580.614772, C06, 0.01839288
581.064421, C06, 0.02167541
581.114382, C06, 0.02380043
581.6139920000001, C06, 0.01891355
581.663953, C06, 0.02626768
581.813836, C06, 0.02120891
581.913758, C06, 0.03226249
581.963719, C06, 0.02270259
582.063641, C06, 0.03179702
582.213524, C06, 0.01964882
582.2634849999999, C06, 0.02597427
582.463329, C06, 0.02163085
582.813056, C06, 0.0211893
582.863017, C06, 0.02162442
582.912978, C06, 0.03176492
582.962939, C06, 0.02311859
583.0128999999999, C06, 0.02450526
583.062861, C06, 0.02569035
584.461769, C06, 0.02251863
584.811496, C06, 0.01922108
585.01134, C06, 0.01915509
585.111262, C06, 0.02625141
587.159663, C06, 0.03025418
587.859117, C06, 0.03894592
587.909078, C06, 0.02655224
588.1588829999999, C06, 0.03606927
588.208844, C06, 0.04473482
588.2588050000001, C06, 0.03282276
588.308766, C06, 0.05270334
588.358727, C06, 0.02281204
588.408688, C06, 0.05237448
588.458649, C06, 0.03578284
588.50861, C06, 0.0662632
588.558571, C06, 0.02939302
588.608532, C06, 0.0242185
588.658493, C06, 0.04937741
588.708454, C06, 0.02658457
589.208064, C06, 0.02219638
589.557791, C06, 0.02648416
589.807596, C06, 0.01845619
590.207284, C06, 0.026916
590.457089, C06, 0.04961541
590.50705, C06, 0.02755874
590.656933, C06, 0.02410877
590.706894, C06, 0.02744752
590.756855, C06, 0.0228667
590.806816, C06, 0.02640387
590.906738, C06, 0.02586043
591.00666, C06, 0.04679883
591.206504, C06, 0.02054515
591.50627, C06, 0.02538684
591.606192, C06, 0.02572137
591.955919, C06, 0.02937457
592.00588, C06, 0.02064055
592.055841, C06, 0.02717707
592.955139, C06, 0.03062642
594.104242, C06, 0.0245835
594.9036180000001, C06, 0.02558243
595.203384, C06, 0.03093165
600.099562, C06, 0.02108137
600.449289, C06, 0.04738361
610.841177, C06, 0.02176219
611.7404749999999, C06, 0.02471627
612.090202, C06, 0.02006354
612.240085, C06, 0.02035534
612.389968, C06, 0.01881595
613.539071, C06, 0.0229435
613.589032, C06, 0.01991136
614.138603, C06, 0.02317293
614.438369, C06, 0.02002245
614.48833, C06, 0.02875403
614.937979, C06, 0.02355364
615.037901, C06, 0.01898395
615.237745, C06, 0.02514756
617.086302, C06, 0.02138798
617.535951, C06, 0.02432086
618.235405, C06, 0.02143524
619.084742, C06, 0.0190994
619.184664, C06, 0.01864915
619.284586, C06, 0.03394036
619.334547, C06, 0.02911727
621.532831, C06, 0.02285009
623.181544, C06, 0.02296827
624.080842, C06, 0.02065033
624.530491, C06, 0.02502234
624.580452, C06, 0.02201408
624.930179, C06, 0.02200787
626.47897, C06, 0.02063715
628.627293, C06, 0.03150216
636.321287, C06, 0.02290923
636.870858, C06, 0.02469294
636.9208190000001, C06, 0.02904631
637.370468, C06, 0.0198036
637.420429, C06, 0.03024469
638.669454, C06, 0.01963401
638.96922, C06, 0.02065317
639.019181, C06, 0.03439051
639.119103, C06, 0.03336087
639.169064, C06, 0.02403171
639.318947, C06, 0.02490151
639.418869, C06, 0.02461439
639.668674, C06, 0.04396515
640.168284, C06, 0.0258697
640.218245, C06, 0.03503202
640.268206, C06, 0.02073959
640.318167, C06, 0.02702704
640.418089, C06, 0.02527979
643.4657099999999, C06, 0.026415
643.815437, C06, 0.02403443
643.915359, C06, 0.02554877
643.96532, C06, 0.02658536
644.015281, C06, 0.02434333
644.065242, C06, 0.02702107
644.514891, C06, 0.02840322
644.614813, C06, 0.02239567
644.664774, C06, 0.02213576
644.764696, C06, 0.02504918
644.914579, C06, 0.0193387
645.064462, C06, 0.02135736
645.114423, C06, 0.02311759
645.214345, C06, 0.02308547
645.364228, C06, 0.02049486
645.414189, C06, 0.01959884
646.763136, C06, 0.02046044
647.46259, C06, 0.03290397
647.562512, C06, 0.02599917
649.660874, C06, 0.02017355
650.760016, C06, 0.02132018
651.109743, C06, 0.02364435
651.309587, C06, 0.01987692
658.45401, C06, 0.0337103
658.553932, C06, 0.01862764
658.703815, C06, 0.0202812
658.853698, C06, 0.01944241
659.053542, C06, 0.02641668
659.103503, C06, 0.02571949
659.153464, C06, 0.02922927
659.203425, C06, 0.01861022
659.253386, C06, 0.01945117
659.303347, C06, 0.02551094
659.353308, C06, 0.01981446
659.403269, C06, 0.02101713
659.7529960000001, C06, 0.01935869
659.802957, C06, 0.01876219
659.902879, C06, 0.01970191
660.252606, C06, 0.02230787
660.302567, C06, 0.02934657
660.552372, C06, 0.03018919
660.702255, C06, 0.02736588
660.752216, C06, 0.02781993
660.852138, C06, 0.02290824
661.002021, C06, 0.03091529
661.2518260000001, C06, 0.02265948
661.351748, C06, 0.0230456
661.401709, C06, 0.02113971
661.501631, C06, 0.02690822
661.651514, C06, 0.02295792
661.851358, C06, 0.02005145
661.95128, C06, 0.02104566
662.0012410000001, C06, 0.02421573
662.051202, C06, 0.02188918
662.750656, C06, 0.02095176
664.249486, C06, 0.02548785
664.399369, C06, 0.02425003
664.649174, C06, 0.02358702
664.749096, C06, 0.02190125
664.8989790000001, C06, 0.02046046
665.298667, C06, 0.02735893
671.643714, C06, 0.02068914
672.043402, C06, 0.02156065
672.2932070000001, C06, 0.01909611
672.393129, C06, 0.02253585
672.642934, C06, 0.01830733
672.692895, C06, 0.02879159
672.892739, C06, 0.02587999
673.292427, C06, 0.0292635
673.392349, C06, 0.0221215
674.491491, C06, 0.03045881
674.541452, C06, 0.02538228
674.641374, C06, 0.03407839
677.589073, C06, 0.02192689
679.087903, C06, 0.02571115
679.187825, C06, 0.02147248
679.987201, C06, 0.03004192
680.43685, C06, 0.02136056
680.986421, C06, 0.02380791
681.0863430000001, C06, 0.02026641
686.43217, C06, 0.03036938
686.482131, C06, 0.03542706
686.681975, C06, 0.0271796
686.731936, C06, 0.02794587
687.181585, C06, 0.02355276
687.281507, C06, 0.02418748
687.381429, C06, 0.01868682
687.43139, C06, 0.03862572
687.481351, C06, 0.03058995
687.531312, C06, 0.04639673
687.581273, C06, 0.03697145
687.6312339999999, C06, 0.0468131
687.7311560000001, C06, 0.02122355
687.781117, C06, 0.02112305
687.980961, C06, 0.02297726
688.230766, C06, 0.02946869
689.92944, C06, 0.02058333
691.028582, C06, 0.02873734
691.178465, C06, 0.02098903
691.228426, C06, 0.01999648
691.328348, C06, 0.02316928
691.4782310000001, C06, 0.02913356
692.477451, C06, 0.01890957
692.577373, C06, 0.01960544
693.476671, C06, 0.02829488
693.726476, C06, 0.02114262
697.023902, C06, 0.02088688
697.173785, C06, 0.02926238
697.223746, C06, 0.01882237
697.473551, C06, 0.02081105
697.623434, C06, 0.02122368
697.823278, C06, 0.03917983
697.9232, C06, 0.03640246
698.372849, C06, 0.04691803
698.522732, C06, 0.03547364
698.972381, C06, 0.02458513
699.172225, C06, 0.03204319
699.222186, C06, 0.02435136
699.322108, C06, 0.02948669
699.372069, C06, 0.02383906
699.5219520000001, C06, 0.01829478
699.571913, C06, 0.02358508
699.671835, C06, 0.03523612
699.721796, C06, 0.02787641
699.771757, C06, 0.02819693
700.42125, C06, 0.02261513
700.671055, C06, 0.03425324
701.120704, C06, 0.01984325
701.220626, C06, 0.03553033
701.370509, C06, 0.02378711
701.42047, C06, 0.0188731
701.520392, C06, 0.01882339
701.720236, C06, 0.02476218
702.569573, C06, 0.02898771
702.869339, C06, 0.02165842
703.41891, C06, 0.02094229
705.067623, C06, 0.01896875
705.3174279999999, C06, 0.027316
705.367389, C06, 0.02057841
706.0668429999999, C06, 0.02082145
706.366609, C06, 0.02891363
710.113684, C06, 0.02023293
710.41345, C06, 0.01945674
710.613294, C06, 0.02723026
710.813138, C06, 0.02680197
710.863099, C06, 0.02752614
710.91306, C06, 0.01909217
710.963021, C06, 0.01915148
712.461851, C06, 0.01833378
713.211266, C06, 0.0221896
715.459511, C06, 0.02856757
715.7093159999999, C06, 0.02514052
715.90916, C06, 0.01893192
716.158965, C06, 0.02355036
716.4587309999999, C06, 0.01875417
718.40721, C06, 0.01967728
718.557093, C06, 0.02004405
719.106664, C06, 0.01926006
721.005182, C06, 0.02525672
721.055143, C06, 0.01868817
722.753817, C06, 0.01981336
727.799878, C06, 0.02086636
728.2495269999999, C06, 0.0341741
728.299488, C06, 0.02131126
728.649215, C06, 0.02380855
728.9989420000001, C06, 0.02173597
729.298708, C06, 0.01863804
729.39863, C06, 0.02656215
729.448591, C06, 0.02782945
729.498552, C06, 0.03018057
729.548513, C06, 0.02065021
729.598474, C06, 0.01931538
729.6484349999999, C06, 0.02439135
729.698396, C06, 0.04766601
729.7483570000001, C06, 0.02651379
729.798318, C06, 0.02116114
729.89824, C06, 0.01933458
729.948201, C06, 0.02126628
730.098084, C06, 0.0199652
730.148045, C06, 0.02105665
732.945861, C06, 0.02174292
734.1449249999999, C06, 0.02836034
734.194886, C06, 0.01990703
734.244847, C06, 0.02714024
734.294808, C06, 0.01965387
734.39473, C06, 0.02595058
734.544613, C06, 0.03342617
734.644535, C06, 0.02640277
734.694496, C06, 0.02780735
734.744457, C06, 0.02220497
736.043443, C06, 0.01833946
738.741337, C06, 0.02088632
739.190986, C06, 0.01868732
739.490752, C06, 0.02174407
739.840479, C06, 0.02079029
755.37835, C06, 0.0187222
755.927921, C06, 0.02091783
756.677336, C06, 0.02043366
756.827219, C06, 0.0223189
757.976322, C06, 0.01883691
758.226127, C06, 0.02275945
758.925581, C06, 0.02616827
758.975542, C06, 0.0195353
760.074684, C06, 0.02184866
760.924021, C06, 0.0188228
760.973982, C06, 0.02154257
767.418951, C06, 0.01860243
767.518873, C06, 0.02504487
767.818639, C06, 0.02149467
768.068444, C06, 0.02410632
771.6656359999999, C06, 0.0212953
772.215207, C06, 0.02263354
772.315129, C06, 0.01913957
772.36509, C06, 0.02386668
772.465012, C06, 0.02609406
772.564934, C06, 0.01884773
772.614895, C06, 0.02960095
772.664856, C06, 0.01843065
772.714817, C06, 0.02049322
772.764778, C06, 0.03934208
772.8647, C06, 0.02091032
773.014583, C06, 0.0209358
773.763998, C06, 0.02647644
774.313569, C06, 0.0188892
774.613335, C06, 0.02076833
776.711697, C06, 0.02472721
777.511073, C06, 0.02012362
778.460332, C06, 0.02046958
779.9092010000001, C06, 0.02247579
780.458772, C06, 0.02587935
781.008343, C06, 0.02166481
781.058304, C06, 0.03480105
781.108265, C06, 0.0279741
781.208187, C06, 0.04325517
781.3081089999999, C06, 0.03899257
781.35807, C06, 0.02513048
781.4080310000001, C06, 0.02531156
781.457992, C06, 0.02612409
782.906861, C06, 0.02268423
782.956822, C06, 0.0212099
783.206627, C06, 0.04176505
783.256588, C06, 0.02439898
783.506393, C06, 0.02131671
783.5563540000001, C06, 0.02537507
783.606315, C06, 0.01875038
783.656276, C06, 0.04295728
783.706237, C06, 0.0302107
783.756198, C06, 0.03446078
783.806159, C06, 0.03308463
783.85612, C06, 0.04030594
783.906081, C06, 0.04534987
783.956042, C06, 0.04288816
784.006003, C06, 0.04977971
784.055964, C06, 0.03986609
784.105925, C06, 0.05635175
784.155886, C06, 0.02962223
784.2058469999999, C06, 0.02882266
784.255808, C06, 0.05786911
784.35573, C06, 0.04882836
784.405691, C06, 0.04105878
784.455652, C06, 0.03281182
784.505613, C06, 0.03241962
784.555574, C06, 0.03123838
784.605535, C06, 0.04682928
784.655496, C06, 0.04224783
785.005223, C06, 0.02301913
785.105145, C06, 0.02996659
785.255028, C06, 0.02272928
785.304989, C06, 0.02055389
785.35495, C06, 0.02489164
785.404911, C06, 0.03298253
785.454872, C06, 0.0343903
785.504833, C06, 0.02438116
785.604755, C06, 0.0262073
785.7046769999999, C06, 0.04055807
785.85456, C06, 0.0397777
785.904521, C06, 0.02711761
786.254248, C06, 0.02568573
786.753858, C06, 0.02983946
787.153546, C06, 0.02009249
787.2035069999999, C06, 0.03558889
787.253468, C06, 0.02099422
787.35339, C06, 0.02942404
789.002103, C06, 0.02161434
789.052064, C06, 0.03129309
789.151986, C06, 0.02126376
789.251908, C06, 0.06600899
789.301869, C06, 0.03695476
789.3518299999999, C06, 0.04727587
789.401791, C06, 0.03332615
789.4517520000001, C06, 0.04838136
789.501713, C06, 0.04865605
789.551674, C06, 0.04726177
789.601635, C06, 0.03203753
789.651596, C06, 0.04112083
789.701557, C06, 0.05349356
789.751518, C06, 0.04764688
789.801479, C06, 0.03837651
789.85144, C06, 0.03883094
789.901401, C06, 0.02846599
789.951362, C06, 0.05602992
790.001323, C06, 0.05746543
790.051284, C06, 0.05396122
790.1012449999999, C06, 0.06855619
790.151206, C06, 0.03078598
790.2011670000001, C06, 0.04758084
790.251128, C06, 0.02669358
790.301089, C06, 0.04147357
790.35105, C06, 0.06823379
790.401011, C06, 0.02388471
790.450972, C06, 0.0654496
790.500933, C06, 0.05957234
790.550894, C06, 0.04316843
790.600855, C06, 0.06485724
790.650816, C06, 0.03317291
790.700777, C06, 0.06257087
790.750738, C06, 0.03931803
790.800699, C06, 0.0489819
790.8506599999999, C06, 0.02526182
790.900621, C06, 0.02186924
791.000543, C06, 0.02812076
791.250348, C06, 0.02573687
791.500153, C06, 0.02011067
791.550114, C06, 0.01872593
791.650036, C06, 0.0182777
791.84988, C06, 0.02540624
792.649256, C06, 0.02104402
793.048944, C06, 0.02263758
793.0989049999999, C06, 0.033528
793.148866, C06, 0.02984324
793.1988270000001, C06, 0.03321406
793.248788, C06, 0.03661579
793.298749, C06, 0.0494284
793.448632, C06, 0.02661109
794.198047, C06, 0.0322296
794.297969, C06, 0.02493036
794.397891, C06, 0.02232823
795.84676, C06, 0.01877266
796.046604, C06, 0.02393965
796.0965650000001, C06, 0.0200088
797.445512, C06, 0.0288312
798.045044, C06, 0.02747902
798.294849, C06, 0.01979998
799.34403, C06, 0.02496874
800.34325, C06, 0.02155365
802.391651, C06, 0.02012551
805.33935, C06, 0.02889799
805.589155, C06, 0.01920414
805.6391159999999, C06, 0.01890822
805.988843, C06, 0.02867348
806.288609, C06, 0.01845412
827.272229, C06, 0.01828991
827.671917, C06, 0.02417009
828.021644, C06, 0.03161297
828.671137, C06, 0.02862699
828.771059, C06, 0.02228273
831.019304, C06, 0.02423703
831.81868, C06, 0.02077173
832.2183680000001, C06, 0.01929031
832.418212, C06, 0.03328857
832.518134, C06, 0.03500263
832.618056, C06, 0.01954392
832.767939, C06, 0.02168427
832.8678609999999, C06, 0.02279381
833.017744, C06, 0.02870104
833.117666, C06, 0.0243441
833.31751, C06, 0.03295885
833.467393, C06, 0.0189395
833.567315, C06, 0.03386939
833.6172759999999, C06, 0.02606592
833.7171980000001, C06, 0.01907566
833.81712, C06, 0.01837248
833.867081, C06, 0.02375925
833.917042, C06, 0.02128613
834.416652, C06, 0.02179918
834.616496, C06, 0.03285734
834.766379, C06, 0.02014241
834.81634, C06, 0.02821749
835.016184, C06, 0.0238651
835.2160280000001, C06, 0.02834666
835.31595, C06, 0.02260116
835.365911, C06, 0.02855831
835.565755, C06, 0.03317159
835.615716, C06, 0.01876813
835.8655209999999, C06, 0.01952282
835.915482, C06, 0.02342159
836.415092, C06, 0.02481943
836.465053, C06, 0.03055698
836.515014, C06, 0.02042973
836.664897, C06, 0.02504328
836.714858, C06, 0.0302659
836.81478, C06, 0.02268964
837.064585, C06, 0.02417377
838.963103, C06, 0.01983245
850.154367, C06, 0.01838939
850.753899, C06, 0.02016807
851.453353, C06, 0.02120015
851.703158, C06, 0.02454393
857.598556, C06, 0.02436386
864.29333, C06, 0.01951633
864.393252, C06, 0.02896396
865.3425109999999, C06, 0.02091105
865.842121, C06, 0.01978987
866.191848, C06, 0.01828242
867.840561, C06, 0.02188038
869.189508, C06, 0.0194497
869.7390789999999, C06, 0.02174878
869.938923, C06, 0.02264024
870.888182, C06, 0.02425496
870.938143, C06, 0.01873921
871.387792, C06, 0.02616394
871.437753, C06, 0.01861949
879.331591, C06, 0.02056065
879.931123, C06, 0.02430508
879.981084, C06, 0.02206882
880.081006, C06, 0.02472426
880.480694, C06, 0.02569006
880.630577, C06, 0.02517645
880.680538, C06, 0.0268753
880.730499, C06, 0.03004633
881.28007, C06, 0.01874846
881.6297970000001, C06, 0.02448241
881.679758, C06, 0.02881953
881.729719, C06, 0.03307727
881.829641, C06, 0.01948053
883.678198, C06, 0.02021273
883.728159, C06, 0.0263565
883.7781199999999, C06, 0.02970168
883.8780420000001, C06, 0.034015
883.977964, C06, 0.03745098
884.077886, C06, 0.01895766
884.827301, C06, 0.01827697
892.5712559999999, C06, 0.02591917
892.621217, C06, 0.02113269
892.871022, C06, 0.01847026
898.516615, C06, 0.02326826
901.913963, C06, 0.0299556
905.511155, C06, 0.02271975
905.611077, C06, 0.02099048
905.661038, C06, 0.03266796
906.960024, C06, 0.01910118
907.25979, C06, 0.03394788
907.559556, C06, 0.01899728
909.957684, C06, 0.02127136
922.1481680000001, C06, 0.03233916
922.198129, C06, 0.03156075
922.24809, C06, 0.0195357
922.298051, C06, 0.0256302
922.397973, C06, 0.04171786
923.197349, C06, 0.02405012
923.297271, C06, 0.03385957
923.347232, C06, 0.0430395
923.397193, C06, 0.0188088
923.447154, C06, 0.04712468
923.497115, C06, 0.05557446
923.597037, C06, 0.02714872
923.6469980000001, C06, 0.03090182
923.696959, C06, 0.03944373
923.74692, C06, 0.02677011
923.796881, C06, 0.02919465
924.046686, C06, 0.02117461
924.945984, C06, 0.02083959
924.995945, C06, 0.04118264
926.894463, C06, 0.02201599
957.970205, C06, 0.02367597
958.569737, C06, 0.04021908
959.169269, C06, 0.01871822
960.867943, C06, 0.02546749
961.017826, C06, 0.02221924
961.567397, C06, 0.02038627
962.21689, C06, 0.0214846
962.266851, C06, 0.02023879
968.611898, C06, 0.02455112
968.71182, C06, 0.02262141
968.761781, C06, 0.02082141
986.298092, C06, 0.03388977
990.7446210000001, C06, 0.02074625
991.793802, C06, 0.02665744
991.893724, C06, 0.02203887
992.8929440000001, C06, 0.01829363
1000.736821, C06, 0.01970971
1025.16775, C06, 0.02197335
1025.217711, C06, 0.02997711
1025.267672, C06, 0.03609432
1026.966346, C06, 0.02039626
1027.815683, C06, 0.02028179
1027.965566, C06, 0.01937622
1028.115449, C06, 0.01832815
1028.16541, C06, 0.01889184
1030.66346, C06, 0.01959828
1030.913265, C06, 0.02111111
1050.64786, C06, 0.01851816
1050.797743, C06, 0.03817862
1054.494857, C06, 0.02124396
1054.694701, C06, 0.02116947
1054.794623, C06, 0.02189351
1054.894545, C06, 0.02664277
1054.944506, C06, 0.02021985
1069.932806, C06, 0.01862034
1073.679881, C06, 0.01834846
1074.229452, C06, 0.02123484
1074.279413, C06, 0.02878635
1074.329374, C06, 0.0200093
1082.872705, C06, 0.02989479
1083.172471, C06, 0.02214593
1083.272393, C06, 0.02490592
1083.372315, C06, 0.01964839
1083.522198, C06, 0.02461712
1083.62212, C06, 0.02636638
1083.672081, C06, 0.02994059
1099.459757, C06, 0.01958115
1102.757183, C06, 0.02040608
1116.246653, C06, 0.02530514
1118.245093, C06, 0.01899518
1122.991388, C06, 0.0217413
1124.490218, C06, 0.01882711
1138.229493, C06, 0.01853727
1150.320055, C06, 0.02002161
1150.469938, C06, 0.01946928
1163.709603, C06, 0.02008944
1165.658082, C06, 0.02460225
1166.507419, C06, 0.01882457
1166.55738, C06, 0.03609222
1178.647942, C06, 0.0260706
1182.04529, C06, 0.02525626
1191.587841, C06, 0.01928344
1191.637802, C06, 0.02022651
1276.671424, C06, 0.01981589
1277.770566, C06, 0.02098437
1282.566822, C06, 0.01978248
1283.566042, C06, 0.01886282
1283.665964, C06, 0.02576135
1283.96573, C06, 0.02054851
1284.615223, C06, 0.01992821
1284.665184, C06, 0.02227792
1284.765106, C06, 0.01903166
1285.914209, C06, 0.01993308
1296.156214, C06, 0.02964921
1296.356058, C06, 0.01951095
1296.406019, C06, 0.02479035
1296.45598, C06, 0.02747685
1296.655824, C06, 0.02506399
1296.755746, C06, 0.02753909
1296.805707, C06, 0.02239868
1316.090653, C06, 0.01931598
1321.386519, C06, 0.02465722
1322.585583, C06, 0.02061953
1427.868147, C06, 0.01979871
1428.267835, C06, 0.01703509
1428.417718, C06, 0.01743028
1430.216314, C06, 0.01698759
1430.915768, C06, 0.01604629
1431.315456, C06, 0.01771114
1431.465339, C06, 0.03731064
1431.565261, C06, 0.02335039
1432.464559, C06, 0.02160589
1432.664403, C06, 0.02975783
1439.209294, C06, 0.01628732
1439.259255, C06, 0.03108953
1439.359177, C06, 0.01757567
1439.908748, C06, 0.02491537
1451.299856, C06, 0.01674739
1451.849427, C06, 0.01690047
1464.239755, C06, 0.01957644
1467.087532, C06, 0.02399187
1467.137493, C06, 0.02277132
1469.585582, C06, 0.01770014
1469.635543, C06, 0.01807626
1470.235075, C06, 0.01884026
1470.384958, C06, 0.01719101
1470.48488, C06, 0.01891969
1470.834607, C06, 0.01825018
1473.132813, C06, 0.0197401
1473.732345, C06, 0.03052519
1474.082072, C06, 0.02767394
1474.132033, C06, 0.02594785
1474.181994, C06, 0.01998003
1474.531721, C06, 0.02425335
1474.581682, C06, 0.02500232
1474.681604, C06, 0.02296938
1474.731565, C06, 0.02322352
1474.781526, C06, 0.02923392
1474.831487, C06, 0.02392459
1474.881448, C06, 0.0182811
1474.931409, C06, 0.0352814
1474.98137, C06, 0.03052899
1475.031331, C06, 0.01878169
1475.081292, C06, 0.02114645
1477.229615, C06, 0.02260973
1480.726885, C06, 0.01805001
1482.725325, C06, 0.01751477
1494.96577, C06, 0.0171137
1563.012652, C06, 0.0227466
1563.112574, C06, 0.02232946
1563.212496, C06, 0.02528726
1568.758167, C06, 0.01670355
1572.755047, C06, 0.01677645
1573.004852, C06, 0.0178615
1575.40298, C06, 0.0183337
1576.652005, C06, 0.0181216
1616.171156, C06, 0.01678725
1634.606765, C06, 0.01771186
1661.235978, C06, 0.02139836
1661.385861, C06, 0.01694448
1663.534184, C06, 0.03291859
1666.581805, C06, 0.02012494
1691.162617, C06, 0.01854168
1698.506884, C06, 0.01870421
1699.30626, C06, 0.03086655
1699.456143, C06, 0.01608863
1700.055675, C06, 0.02499992
1700.505324, C06, 0.02455504
1700.80509, C06, 0.01659855
1701.004934, C06, 0.01937415
1703.253179, C06, 0.02225986
1703.502984, C06, 0.0193413
1703.552945, C06, 0.01667038
1729.132977, C06, 0.02149423
1729.182938, C06, 0.02337221
1729.332821, C06, 0.01619887
1729.732509, C06, 0.01654979
1730.431963, C06, 0.02828965
1730.481924, C06, 0.01673903
1730.531885, C06, 0.01795331
1730.581846, C06, 0.03203557
1730.631807, C06, 0.03411151
1730.681768, C06, 0.01837423
1814.516326, C06, 0.01592031
1957.005098, C06, 0.01681517
1958.803694, C06, 0.01770805
1959.053499, C06, 0.01933229
1959.203382, C06, 0.04040287
1959.403226, C06, 0.02677853
1959.553109, C06, 0.02658828
1959.60307, C06, 0.02171534
1959.653031, C06, 0.02852266
1959.752953, C06, 0.02364409
1959.902836, C06, 0.02301456
1960.452407, C06, 0.02454074
1960.60229, C06, 0.02266213
1960.652251, C06, 0.0198468
2007.315825, C06, 0.01738472
2007.465708, C06, 0.0273896
2008.964538, C06, 0.01748805
2015.709273, C06, 0.01979967
2018.55705, C06, 0.02560757
2019.406387, C06, 0.02617203
2036.592971, C06, 0.01698426
2115.581312, C06, 0.01851984
2158.297967, C06, 0.01979928
2165.842078, C06, 0.01895436
