Time,Centre position X,Centre position Y,A active,S active
0.000,,,0,0
0.331,107,114,0,0
0.464,107,113,0,0
0.564,106,113,0,0
0.664,107,114,0,0
0.764,107,114,0,0
0.864,106,113,0,0
0.964,105,113,0,0
1.064,106,113,0,0
1.164,106,113,0,0
1.264,106,113,0,0
1.364,106,113,0,0
1.464,106,113,0,0
1.564,106,113,0,0
1.636,106,113,1,0
1.664,106,113,1,0
1.764,106,114,1,0
1.864,107,115,1,0
2.097,100,118,1,0
2.431,90,121,1,0
2.531,88,127,1,0
2.631,86,139,1,0
2.731,85,157,1,0
2.740,85,157,0,0
2.831,85,169,0,0
2.931,80,180,0,0
3.031,76,189,0,0
3.131,74,199,0,0
3.231,71,206,0,0
3.331,68,213,0,0
3.431,67,225,0,0
3.531,64,241,0,0
3.631,63,255,0,0
6.231,69,282,0,0
6.331,75,288,0,0
6.997,154,351,0,0
7.097,172,352,0,0
7.197,192,346,0,0
7.297,209,344,0,0
7.398,223,342,0,0
7.498,229,341,0,0
7.664,243,337,0,0
7.764,255,324,0,0
8.164,299,271,0,0
8.397,298,274,0,0
8.497,291,276,0,0
8.597,276,286,0,0
8.698,276,285,0,0
8.831,280,277,0,0
8.931,283,274,0,0
9.031,284,276,0,0
9.131,279,278,0,0
9.156,279,278,0,1
9.231,293,270,0,1
9.331,321,247,0,1
9.431,329,241,0,1
9.531,332,233,0,1
9.572,332,233,0,0
9.631,332,224,0,0
9.731,333,203,0,0
9.831,325,171,0,0
10.764,454,290,0,0
11.831,430,330,0,0
13.097,383,312,0,0
13.198,377,318,0,0
13.298,356,321,0,0
13.731,172,277,0,0
13.831,170,268,0,0
13.931,168,267,0,0
14.031,160,268,0,0
14.297,196,259,0,0
14.398,197,252,0,0
14.498,190,248,0,0
14.631,176,237,0,0
14.731,174,232,0,0
14.831,188,234,0,0
14.931,203,248,0,0
15.031,207,253,0,0
15.131,209,245,0,0
15.231,214,232,0,0
15.331,223,235,0,0
15.531,215,225,0,0
15.631,207,209,0,0
17.898,250,276,0,0
18.264,370,146,0,0
18.364,355,137,0,0
18.464,348,143,0,0
18.564,347,151,0,0
18.664,339,155,0,0
18.764,332,151,0,0
18.864,322,153,0,0
18.964,318,142,0,0
19.064,304,140,0,0
19.164,291,135,0,0
19.264,281,140,0,0
19.364,294,157,0,0
19.864,147,231,0,0
19.997,131,236,0,0
20.164,108,236,0,0
20.264,87,251,0,0
20.464,74,289,0,0
20.764,79,280,0,0
21.864,284,328,0,0
21.964,320,327,0,0
22.064,385,305,0,0
22.164,439,281,0,0
22.264,439,269,0,0
22.364,436,267,0,0
22.464,431,269,0,0
22.564,432,282,0,0
22.692,432,282,0,1
22.884,432,282,0,0
22.998,485,339,0,0
25.898,224,127,0,0
25.998,210,125,0,0
26.098,172,127,0,0
26.231,161,128,0,0
26.331,157,128,0,0
26.431,152,122,0,0
26.516,152,122,0,1
26.531,149,123,0,1
26.631,166,118,0,1
26.731,178,115,0,1
26.831,171,122,0,1
26.852,171,122,0,0
26.931,168,120,0,0
27.031,187,113,0,0
27.131,207,114,0,0
27.897,501,102,0,0
28.331,516,153,0,0
29.064,102,279,0,0
29.431,224,336,0,0
29.531,322,316,0,0
29.631,313,321,0,0
29.764,292,337,0,0
29.828,292,337,0,1
29.931,314,321,0,1
30.276,314,321,0,0
30.298,341,266,0,0
30.398,344,249,0,0
30.998,303,150,0,0
32.198,165,180,0,0
32.298,160,179,0,0
32.398,151,179,0,0
32.498,133,185,0,0
32.631,129,179,0,0
32.731,130,176,0,0
32.831,130,178,0,0
32.931,132,176,0,0
33.031,121,179,0,0
33.131,122,189,0,0
34.398,341,356,0,0
35.398,367,339,0,0
35.498,402,343,0,0
35.631,465,343,0,0
35.731,471,333,0,0
35.831,470,332,0,0
35.931,444,330,0,0
36.031,431,329,0,0
36.131,422,321,0,0
36.231,425,318,0,0
36.331,426,315,0,0
36.372,426,315,0,1
36.431,420,300,0,1
36.484,420,300,0,0
36.531,418,282,0,0
36.631,416,266,0,0
36.831,494,351,0,0
38.231,537,148,0,0
38.631,478,128,0,0
38.931,158,194,0,0
39.598,189,241,0,0
39.698,186,251,0,0
39.798,189,250,0,0
39.898,199,254,0,0
39.998,210,255,0,0
40.098,208,258,0,0
40.198,213,262,0,0
40.298,228,281,0,0
40.398,244,300,0,0
40.498,258,302,0,0
40.500,258,302,0,1
40.598,273,313,0,1
40.708,273,313,0,0
40.998,422,344,0,0
42.231,410,295,0,0
42.331,391,281,0,0
42.431,369,275,0,0
42.531,344,277,0,0
42.631,335,275,0,0
42.731,337,279,0,0
42.831,333,277,0,0
42.931,330,283,0,0
43.031,336,298,0,0
43.131,353,300,0,0
43.231,362,296,0,0
43.331,386,282,0,0
43.431,385,280,0,0
43.531,373,271,0,0
47.531,154,344,0,0
47.631,145,346,0,0
47.731,139,347,0,0
47.831,131,338,0,0
47.931,139,335,0,0
48.031,138,337,0,0
48.131,133,339,0,0
48.148,133,339,0,1
48.231,122,339,0,1
48.331,117,335,0,1
48.431,116,335,0,1
48.468,116,335,0,0
48.531,118,332,0,0
48.631,122,335,0,0
48.731,121,334,0,0
48.831,108,335,0,0
48.931,103,334,0,0
49.031,108,336,0,0
49.131,113,336,0,0
49.231,107,328,0,0
49.331,103,324,0,0
49.431,111,328,0,0
49.531,120,336,0,0
52.031,346,166,0,0
52.198,358,186,0,0
52.298,318,143,0,0
52.398,304,132,0,0
52.498,304,125,0,0
52.598,300,127,0,0
52.698,290,129,0,0
52.798,278,126,0,0
52.898,279,126,0,0
53.064,290,134,0,0
53.164,284,132,0,0
53.204,284,132,0,1
53.264,278,135,0,1
53.364,271,136,0,1
53.460,271,136,0,0
53.465,262,138,0,0
53.598,266,141,0,0
53.698,272,140,0,0
53.831,288,133,0,0
53.931,300,126,0,0
54.031,307,120,0,0
57.331,152,228,0,0
57.431,148,244,0,0
57.531,147,245,0,0
57.631,144,253,0,0
57.731,143,252,0,0
57.831,147,259,0,0
57.931,148,267,0,0
59.164,283,341,0,0
59.298,284,339,0,0
59.498,285,335,0,0
59.664,280,336,0,0
61.364,257,298,0,0
61.464,246,301,0,0
61.565,247,299,0,0
61.665,254,301,0,0
61.898,355,302,0,0
62.431,448,288,0,0
62.631,486,283,0,0
63.064,524,268,0,0
63.164,525,248,0,0
63.264,523,256,0,0
63.364,530,263,0,0
63.464,533,262,0,0
63.564,529,253,0,0
63.664,526,255,0,0
63.764,516,247,0,0
63.865,505,236,0,0
63.965,491,234,0,0
64.631,445,147,0,0
64.731,446,149,0,0
64.831,446,157,0,0
64.931,444,157,0,0
65.031,444,147,0,0
65.131,440,144,0,0
65.231,430,136,0,0
67.531,381,137,0,0
68.331,256,269,0,0
68.431,242,273,0,0
68.531,241,279,0,0
68.631,238,291,0,0
68.731,232,291,0,0
68.740,232,291,0,1
68.831,226,301,0,1
68.931,225,311,0,1
68.964,225,311,0,0
70.265,192,293,0,0
70.998,198,302,0,0
72.765,302,342,0,0
72.865,309,336,0,0
73.298,416,346,0,0
73.398,407,349,0,0
73.498,404,352,0,0
73.598,402,349,0,0
73.698,405,350,0,0
73.798,420,351,0,0
73.828,420,351,0,1
73.898,417,347,0,1
73.998,408,336,0,1
74.098,400,329,0,1
74.100,400,329,0,0
74.198,396,321,0,0
77.931,183,307,0,0
78.031,177,314,0,0
78.131,177,317,0,0
78.231,191,323,0,0
78.331,167,330,0,0
78.431,164,341,0,0
78.531,152,336,0,0
78.631,147,331,0,0
78.731,142,322,0,0
78.831,143,317,0,0
78.931,127,318,0,0
79.031,125,310,0,0
79.131,132,310,0,0
79.231,134,305,0,0
79.331,124,287,0,0
79.431,115,277,0,0
79.531,123,281,0,0
79.631,139,285,0,0
79.731,151,278,0,0
79.964,168,283,0,0
80.064,173,277,0,0
80.164,174,278,0,0
82.764,512,164,0,0
83.031,448,130,0,0
83.131,456,124,0,0
83.231,462,124,0,0
83.331,469,124,0,0
83.431,465,125,0,0
83.531,460,127,0,0
83.631,457,131,0,0
83.731,467,132,0,0
83.831,472,131,0,0
83.931,467,125,0,0
84.031,466,127,0,0
84.131,470,127,0,0
84.231,474,128,0,0
84.331,491,136,0,0
84.431,492,138,0,0
84.531,493,143,0,0
84.631,504,145,0,0
84.731,508,158,0,0
84.831,510,166,0,0
84.931,505,183,0,0
85.031,504,202,0,0
85.131,508,213,0,0
85.231,512,225,0,0
85.331,514,236,0,0
85.431,513,242,0,0
85.531,507,245,0,0
85.731,491,263,0,0
85.831,491,266,0,0
85.931,493,271,0,0
86.031,496,277,0,0
86.131,500,280,0,0
86.231,500,279,0,0
86.331,507,289,0,0
86.431,505,294,0,0
86.531,500,294,0,0
86.631,491,284,0,0
89.465,131,306,0,0
89.565,143,309,0,0
89.665,127,313,0,0
89.798,107,318,0,0
89.812,107,318,0,1
89.898,107,321,0,1
89.924,107,321,0,0
89.998,116,319,0,0
90.098,118,314,0,0
90.198,125,320,0,0
90.298,138,326,0,0
90.398,149,334,0,0
91.798,515,347,0,0
91.898,521,349,0,0
91.998,507,354,0,0
92.098,513,353,0,0
92.198,516,345,0,0
92.364,534,340,0,0
92.498,536,348,0,0
94.998,111,194,0,0
95.098,109,196,0,0
95.231,92,195,0,0
95.331,91,193,0,0
95.431,94,192,0,0
95.698,93,195,0,0
95.831,93,204,0,0
95.931,89,206,0,0
96.031,89,204,0,0
96.131,98,205,0,0
96.231,97,207,0,0
96.331,94,197,0,0
96.431,94,196,0,0
96.531,90,189,0,0
96.631,89,189,0,0
96.731,83,189,0,0
96.831,81,187,0,0
96.931,82,173,0,0
97.031,84,166,0,0
97.131,90,161,0,0
97.231,87,152,0,0
97.331,86,147,0,0
97.431,86,159,0,0
97.531,86,161,0,0
97.631,88,160,0,0
97.731,84,155,0,0
97.831,80,149,0,0
97.931,77,142,0,0
98.031,77,138,0,0
98.131,76,139,0,0
98.231,75,147,0,0
98.331,74,152,0,0
98.431,73,160,0,0
98.531,73,167,0,0
98.631,68,165,0,0
98.731,70,171,0,0
98.831,73,170,0,0
98.931,76,164,0,0
99.031,76,166,0,0
99.131,72,165,0,0
99.231,69,165,0,0
99.331,67,164,0,0
99.431,70,163,0,0
99.531,69,164,0,0
99.631,67,163,0,0
99.731,69,162,0,0
99.831,71,168,0,0
99.931,80,169,0,0
100.031,84,173,0,0
100.131,94,179,0,0
100.231,93,190,0,0
100.498,115,234,0,0
103.698,389,125,0,0
103.798,404,126,0,0
103.898,418,127,0,0
103.998,420,128,0,0
104.098,422,128,0,0
104.198,426,126,0,0
104.298,423,120,0,0
104.398,428,117,0,0
104.498,424,116,0,0
104.598,424,116,0,0
104.698,429,112,0,0
104.798,430,115,0,0
104.898,430,116,0,0
104.998,428,115,0,0
105.092,428,115,0,1
105.098,426,115,0,1
105.198,430,114,0,1
105.298,431,116,0,1
105.398,436,117,0,1
105.498,440,115,0,1
105.598,440,115,0,1
105.698,436,119,0,1
105.798,432,120,0,1
105.898,430,121,0,1
105.998,423,124,0,1
106.098,418,122,0,1
106.164,418,122,0,0
106.198,414,125,0,0
106.298,405,123,0,0
106.398,401,121,0,0
106.498,391,119,0,0
106.598,379,113,0,0
106.698,376,116,0,0
106.798,376,121,0,0
106.965,391,133,0,0
107.231,324,156,0,0
107.731,537,251,0,0
107.831,541,254,0,0
107.931,278,213,0,0
109.431,287,278,0,0
109.531,280,277,0,0
109.631,279,271,0,0
109.731,290,264,0,0
109.831,304,266,0,0
109.932,301,267,0,0
110.065,284,271,0,0
110.165,293,275,0,0
110.180,293,275,0,1
110.265,294,277,0,1
110.365,293,277,0,1
110.420,293,277,0,0
110.465,292,276,0,0
110.565,289,272,0,0
110.665,297,271,0,0
110.765,301,271,0,0
110.865,303,270,0,0
110.965,302,272,0,0
111.065,297,273,0,0
111.165,298,273,0,0
111.265,297,275,0,0
111.365,286,278,0,0
111.396,286,278,0,1
111.465,293,283,0,1
111.565,282,289,0,1
111.665,272,292,0,1
111.765,276,291,0,1
111.812,276,291,0,0
111.865,281,287,0,0
111.965,286,286,0,0
112.065,286,282,0,0
112.148,286,282,0,1
112.165,284,272,0,1
112.265,281,266,0,1
112.365,278,260,0,1
112.465,275,251,0,1
112.484,275,251,0,0
112.565,263,237,0,0
112.665,248,218,0,0
112.765,241,211,0,0
112.865,235,207,0,0
112.965,225,198,0,0
113.065,217,186,0,0
113.165,207,176,0,0
113.265,189,176,0,0
113.398,171,163,0,0
114.631,109,172,0,0
114.731,112,156,0,0
114.831,103,149,0,0
114.931,108,143,0,0
115.031,112,151,0,0
115.132,109,134,0,0
115.265,107,132,0,0
115.365,105,125,0,0
115.465,96,132,0,0
115.565,88,145,0,0
115.665,78,162,0,0
115.765,78,163,0,0
115.865,88,152,0,0
115.965,90,151,0,0
116.065,88,153,0,0
116.165,86,169,0,0
116.265,80,185,0,0
116.365,87,194,0,0
116.465,86,211,0,0
116.565,89,219,0,0
116.665,83,225,0,0
116.765,76,224,0,0
116.865,82,242,0,0
116.965,87,258,0,0
117.065,106,278,0,0
117.165,114,282,0,0
117.265,122,295,0,0
117.365,135,307,0,0
117.465,144,320,0,0
117.565,144,322,0,0
117.665,142,324,0,0
117.765,148,318,0,0
117.865,160,318,0,0
117.965,185,313,0,0
118.065,218,311,0,0
118.165,241,319,0,0
118.265,263,331,0,0
118.365,283,343,0,0
118.465,328,342,0,0
118.565,367,339,0,0
118.665,387,340,0,0
118.765,404,339,0,0
118.865,414,338,0,0
118.965,426,343,0,0
119.065,433,341,0,0
119.165,454,337,0,0
119.265,472,335,0,0
119.365,489,327,0,0
119.465,504,320,0,0
119.565,508,319,0,0
119.665,508,322,0,0
119.765,505,320,0,0
119.865,510,318,0,0
119.965,507,309,0,0
120.065,505,294,0,0
120.165,501,277,0,0
120.265,499,279,0,0
120.898,496,138,0,0
120.998,494,170,0,0
121.231,496,117,0,0
121.365,504,163,0,0
121.465,507,154,0,0
121.565,505,159,0,0
121.665,504,152,0,0
121.765,502,160,0,0
121.865,504,171,0,0
122.065,500,160,0,0
122.365,502,144,0,0
122.465,506,143,0,0
122.565,505,113,0,0
122.665,506,115,0,0
122.765,507,125,0,0
122.865,496,142,0,0
122.965,500,126,0,0
123.065,500,124,0,0
123.165,493,133,0,0
123.265,462,107,0,0
123.365,437,105,0,0
123.465,409,104,0,0
123.565,386,102,0,0
123.665,371,102,0,0
123.765,358,104,0,0
123.865,358,102,0,0
123.965,348,106,0,0
126.498,256,224,0,0
126.765,238,207,0,0
126.865,235,205,0,0
126.965,228,203,0,0
127.065,228,199,0,0
127.165,222,197,0,0
127.265,220,196,0,0
127.365,205,193,0,0
127.465,194,195,0,0
127.565,193,196,0,0
127.665,191,195,0,0
127.765,196,194,0,0
127.865,200,202,0,0
127.965,201,210,0,0
128.198,196,213,0,0
129.332,195,270,0,0
129.698,239,251,0,0
130.398,263,207,0,0
130.498,256,212,0,0
130.598,243,217,0,0
130.698,237,221,0,0
130.798,248,252,0,0
130.898,264,247,0,0
130.998,266,237,0,0
131.098,270,222,0,0
131.231,271,200,0,0
131.331,266,189,0,0
131.431,262,191,0,0
132.265,328,125,0,0
132.365,307,127,0,0
132.465,335,126,0,0
136.531,415,189,0,0
136.631,418,198,0,0
136.731,419,203,0,0
136.831,422,207,0,0
136.931,421,223,0,0
136.964,421,223,0,1
137.098,422,239,0,1
137.198,414,256,0,1
137.268,414,256,0,0
142.532,105,98,0,0
142.665,100,148,0,0
142.765,101,158,0,0
142.865,105,162,0,0
142.965,105,172,0,0
143.065,104,196,0,0
143.498,68,315,0,0
143.598,64,326,0,0
143.698,68,324,0,0
143.798,69,326,0,0
143.898,71,321,0,0
143.998,76,317,0,0
144.098,78,310,0,0
144.148,78,310,0,1
144.198,84,306,0,1
144.298,88,306,0,1
144.324,88,306,0,0
144.398,92,305,0,0
144.498,96,307,0,0
144.598,93,306,0,0
144.698,92,304,0,0
144.798,82,304,0,0
144.898,78,303,0,0
144.998,84,310,0,0
145.098,78,295,0,0
145.231,83,283,0,0
145.865,96,173,0,0
145.965,97,166,0,0
146.065,100,168,0,0
146.165,99,157,0,0
146.431,102,146,0,0
146.532,97,251,0,0
147.465,108,201,0,0
147.565,111,207,0,0
147.798,116,255,0,0
147.898,111,274,0,0
147.998,110,253,0,0
148.098,106,248,0,0
148.198,104,242,0,0
148.298,94,244,0,0
148.398,95,252,0,0
148.498,97,256,0,0
148.598,93,249,0,0
148.708,93,249,0,1
148.731,89,242,0,1
148.831,97,227,0,1
148.931,111,219,0,1
148.996,111,219,0,0
149.032,114,218,0,0
149.132,112,216,0,0
149.265,116,212,0,0
149.365,109,213,0,0
149.465,115,219,0,0
149.565,114,226,0,0
149.665,107,234,0,0
149.765,107,237,0,0
149.865,106,235,0,0
149.965,111,223,0,0
150.098,115,195,0,0
150.198,115,234,0,0
150.298,117,219,0,0
150.398,112,245,0,0
150.865,133,197,0,0
150.965,140,209,0,0
151.098,138,223,0,0
151.198,147,232,0,0
151.298,148,240,0,0
151.398,150,243,0,0
151.498,155,244,0,0
151.665,177,260,0,0
155.731,394,244,0,0
156.665,380,287,0,0
156.798,382,294,0,0
156.932,379,293,0,0
157.032,376,304,0,0
157.465,374,313,0,0
157.565,375,315,0,0
158.132,383,303,0,0
158.232,386,303,0,0
158.332,387,304,0,0
158.432,385,304,0,0
158.632,387,306,0,0
158.765,400,298,0,0
158.865,425,299,0,0
158.965,449,302,0,0
159.065,464,294,0,0
159.165,475,286,0,0
159.265,477,278,0,0
159.365,480,270,0,0
159.532,468,250,0,0
160.098,448,237,0,0
160.198,431,249,0,0
160.298,434,245,0,0
160.398,433,244,0,0
160.498,434,240,0,0
160.598,440,226,0,0
160.698,442,210,0,0
160.798,455,205,0,0
160.898,467,195,0,0
160.998,464,178,0,0
161.098,478,169,0,0
161.198,488,182,0,0
161.298,490,180,0,0
161.398,489,180,0,0
161.498,496,195,0,0
161.598,506,208,0,0
161.698,509,210,0,0
161.798,511,207,0,0
161.898,516,211,0,0
162.532,486,266,0,0
163.232,415,134,0,0
163.765,337,102,0,0
163.898,384,157,0,0
163.998,376,151,0,0
164.098,389,159,0,0
164.298,361,161,0,0
164.398,383,169,0,0
164.498,405,149,0,0
164.598,387,155,0,0
164.698,365,149,0,0
164.798,355,135,0,0
164.898,359,131,0,0
164.998,358,128,0,0
165.098,349,128,0,0
165.198,330,125,0,0
165.298,308,129,0,0
165.898,186,134,0,0
166.065,129,134,0,0
166.165,62,257,0,0
170.965,361,356,0,0
171.865,374,331,0,0
175.298,533,282,0,0
175.832,77,292,0,0
178.098,131,298,0,0
179.398,222,283,0,0
179.498,214,278,0,0
179.598,206,272,0,0
179.698,198,266,0,0
179.799,195,261,0,0
179.876,195,261,0,1
179.932,190,265,0,1
179.956,190,265,0,0
180.032,207,261,0,0
180.165,231,263,0,0
180.632,161,284,0,0
180.732,210,284,0,0
180.932,225,285,0,0
181.198,187,316,0,0
181.432,160,323,0,0
181.532,151,326,0,0
181.632,128,316,0,0
181.732,135,292,0,0
181.832,130,281,0,0
181.932,119,270,0,0
183.765,218,333,0,0
184.065,167,199,0,0
184.165,148,191,0,0
184.798,230,348,0,0
184.932,118,285,0,0
185.098,113,296,0,0
185.198,150,289,0,0
185.298,177,282,0,0
185.398,169,293,0,0
185.499,163,295,0,0
185.632,173,296,0,0
185.732,178,293,0,0
185.832,180,282,0,0
185.924,180,282,0,1
185.932,193,284,0,1
186.032,196,281,0,1
186.132,194,276,0,1
186.232,194,277,0,1
186.332,198,280,0,1
186.432,204,283,0,1
186.484,204,283,0,0
186.532,211,286,0,0
186.632,219,286,0,0
186.732,226,291,0,0
186.832,224,294,0,0
186.932,224,305,0,0
187.032,227,305,0,0
187.132,232,303,0,0
187.232,235,297,0,0
187.332,232,298,0,0
187.432,227,302,0,0
187.532,224,295,0,0
187.632,222,292,0,0
187.732,220,293,0,0
187.832,222,303,0,0
187.932,207,313,0,0
188.032,202,315,0,0
188.132,205,321,0,0
188.232,203,319,0,0
188.332,207,326,0,0
188.432,206,322,0,0
188.532,207,322,0,0
188.632,199,311,0,0
188.732,202,317,0,0
188.832,197,321,0,0
188.932,194,321,0,0
189.032,199,324,0,0
189.132,205,321,0,0
189.232,204,315,0,0
189.332,206,314,0,0
192.532,240,344,0,0
192.665,260,343,0,0
192.765,267,344,0,0
193.532,209,330,0,0
193.632,183,336,0,0
193.909,183,336,0,1
194.098,192,331,0,1
194.232,179,328,0,1
194.399,174,322,0,1
194.500,174,322,0,0
194.598,156,327,0,0
194.698,159,326,0,0
194.799,166,321,0,0
194.932,176,308,0,0
195.032,168,309,0,0
195.132,157,308,0,0
195.232,158,307,0,0
195.332,165,312,0,0
195.432,156,305,0,0
195.532,163,306,0,0
195.604,163,306,0,1
195.632,159,305,0,1
195.732,154,304,0,1
195.832,150,304,0,1
195.932,150,301,0,1
196.032,165,305,0,1
196.132,172,315,0,1
196.232,167,321,0,1
196.332,168,322,0,1
196.432,165,326,0,1
196.865,130,312,0,1
197.132,162,337,0,1
197.156,162,337,0,0
197.232,160,336,0,0
197.332,158,339,0,0
197.988,158,339,0,1
198.032,128,332,0,1
198.340,128,332,0,0
198.432,277,344,0,0
203.432,286,140,0,0
203.532,290,139,0,0
203.632,289,141,0,0
203.732,291,143,0,0
203.832,292,143,0,0
203.924,292,143,0,1
203.932,288,144,0,1
204.032,285,145,0,1
204.132,288,145,0,1
204.232,290,146,0,1
204.324,290,146,0,0
204.332,292,144,0,0
204.432,291,150,0,0
204.532,286,159,0,0
204.632,286,168,0,0
206.498,460,221,0,0
207.699,303,323,0,0
207.832,284,324,0,0
207.932,286,323,0,0
208.032,286,319,0,0
208.132,286,316,0,1
208.232,298,308,0,1
208.332,321,301,0,1
208.432,335,290,0,1
208.452,335,290,0,0
208.532,343,283,0,0
208.632,346,281,0,0
208.732,352,278,0,0
208.832,355,273,0,0
208.932,358,271,0,0
209.032,360,271,0,0
209.132,349,270,0,0
209.232,339,255,0,0
209.332,346,253,0,0
209.799,426,259,0,0
209.932,429,256,0,0
210.032,441,246,0,0
210.132,446,232,0,0
210.232,445,231,0,0
210.332,451,226,0,0
210.432,449,224,0,0
210.532,449,220,0,0
210.632,460,214,0,0
210.732,466,208,0,0
210.832,462,204,0,0
210.932,461,194,0,0
211.032,465,184,0,0
211.132,457,181,0,0
211.232,455,176,0,0
211.332,456,177,0,0
211.432,462,181,0,0
211.532,464,189,0,0
211.632,472,194,0,0
211.865,507,182,0,0
211.965,522,196,0,0
212.165,499,124,0,0
212.398,519,331,0,0
212.665,480,347,0,0
212.832,443,361,0,0
213.632,461,158,0,0
213.732,461,157,0,0
214.098,482,160,0,0
214.199,479,222,0,0
214.732,393,338,0,0
214.932,406,338,0,0
215.365,386,343,0,0
223.065,96,302,0,0
223.199,90,294,0,0
224.332,128,273,0,0
224.598,176,230,0,0
224.699,199,208,0,0
225.065,255,159,0,0
225.165,250,151,0,0
225.265,250,154,0,0
225.399,251,153,0,0
229.132,314,178,0,0
230.165,404,202,0,0
230.265,404,204,0,0
230.365,397,208,0,0
230.452,397,208,0,1
230.465,394,209,0,1
230.565,413,200,0,1
230.665,413,193,0,1
230.765,413,185,0,1
230.865,403,182,0,1
230.965,396,182,0,1
231.065,391,183,0,1
231.165,371,191,0,1
231.265,371,190,0,1
231.365,365,193,0,1
231.465,372,192,0,1
231.565,373,195,0,1
231.665,369,193,0,1
231.765,361,192,0,1
231.865,366,189,0,1
231.908,366,189,0,0
231.965,366,188,0,0
232.065,367,189,0,0
232.165,367,188,0,0
232.265,367,189,0,0
232.365,365,187,0,0
232.466,364,189,0,0
232.516,364,189,0,1
232.566,371,195,0,1
232.699,354,204,0,1
232.799,369,199,0,1
232.899,371,201,0,1
233.012,371,201,0,0
233.032,377,229,0,0
233.132,363,229,0,0
233.232,376,247,0,0
233.332,390,266,0,0
233.432,405,281,0,0
233.532,411,285,0,0
233.632,408,287,0,0
233.732,407,289,0,0
233.832,408,292,0,0
233.932,409,293,0,0
234.032,407,288,0,0
234.132,409,286,0,0
234.232,411,292,0,0
234.332,400,309,0,0
234.432,411,295,0,0
234.532,412,295,0,0
234.632,411,290,0,0
234.732,429,275,0,0
234.832,445,272,0,0
234.932,458,276,0,0
235.032,466,270,0,0
235.132,465,268,0,0
236.065,471,283,0,0
236.165,474,289,0,0
236.265,473,291,0,0
236.365,474,295,0,0
236.465,477,296,0,0
236.565,480,295,0,0
236.665,478,289,0,0
236.765,482,285,0,0
236.865,477,273,0,0
236.965,478,265,0,0
237.065,481,258,0,0
237.165,482,259,0,0
237.265,481,262,0,0
237.365,478,261,0,0
237.465,472,258,0,0
237.565,466,254,0,0
237.636,466,254,0,1
237.665,464,251,0,1
237.765,465,254,0,1
237.865,465,252,0,1
237.965,462,249,0,1
238.065,460,251,0,1
238.165,457,250,0,1
238.265,454,247,0,1
238.365,457,248,0,1
238.465,456,246,0,1
238.565,457,242,0,1
238.665,457,243,0,1
238.765,457,242,0,1
238.865,458,240,0,1
238.966,458,242,0,1
239.099,454,239,0,1
239.199,454,238,0,1
239.299,450,240,0,1
239.399,450,240,0,1
239.499,454,239,0,1
239.599,455,239,0,1
239.699,455,239,0,1
239.799,456,238,0,1
239.899,456,239,0,1
239.999,451,237,0,1
240.099,455,239,0,1
240.199,461,241,0,1
240.276,461,241,0,0
240.299,455,241,0,0
240.399,456,240,0,0
240.499,452,241,0,0
240.599,454,242,0,0
240.699,444,243,0,0
240.799,450,246,0,0
240.899,449,246,0,0
240.999,452,246,0,0
241.099,454,246,0,0
241.204,454,246,0,1
241.380,454,246,0,0
246.965,84,120,0,0
247.965,127,317,0,0
248.065,103,304,0,0
248.165,99,302,0,0
248.265,97,286,0,0
248.365,99,268,0,0
248.465,101,264,0,0
248.565,99,264,0,0
248.665,103,261,0,0
248.765,95,263,0,0
248.865,86,258,0,0
248.965,77,255,0,0
249.165,94,294,0,0
249.265,110,310,0,0
249.366,119,267,0,0
249.499,127,251,0,0
249.599,128,252,0,0
249.699,132,261,0,0
249.799,134,261,0,0
249.899,133,262,0,0
249.999,132,261,0,0
250.132,132,262,0,0
250.232,132,266,0,0
250.332,128,281,0,0
250.432,129,283,0,0
250.532,127,280,0,0
250.799,136,271,0,0
250.899,130,284,0,0
250.999,127,288,0,0
251.099,127,285,0,0
251.332,125,287,0,0
251.432,125,286,0,0
251.532,127,280,0,0
251.632,134,270,0,0
251.732,129,276,0,0
251.832,128,280,0,0
251.932,132,291,0,0
252.032,132,295,0,0
252.132,133,297,0,0
252.232,147,292,0,0
252.332,156,286,0,0
252.599,187,284,0,0
252.699,222,285,0,0
252.799,260,294,0,0
252.899,257,302,0,0
252.999,271,306,0,0
253.099,300,310,0,0
254.265,505,303,0,0
254.365,507,304,0,0
259.765,204,141,0,0
259.866,207,139,0,0
259.966,211,140,0,0
260.099,243,140,0,0
260.199,257,144,0,0
260.212,257,144,0,1
260.299,270,140,0,1
260.399,277,134,0,1
260.436,277,134,0,0
260.499,290,114,0,0
260.599,305,105,0,0
260.699,310,111,0,0
260.799,311,114,0,0
260.899,310,119,0,0
260.999,308,121,0,0
261.099,298,130,0,0
264.499,458,269,0,0
264.599,463,262,0,0
264.699,462,249,0,0
264.799,454,245,0,0
264.899,461,248,0,0
264.999,464,250,0,0
265.099,459,252,0,0
265.199,460,238,0,0
265.252,460,238,0,1
265.299,470,224,0,1
265.396,470,224,0,0
265.399,484,221,0,0
265.499,482,213,0,0
265.599,484,207,0,0
265.699,487,203,0,0
265.832,476,225,0,0
265.932,467,239,0,0
266.032,456,249,0,0
268.465,276,136,0,0
269.999,246,118,0,0
270.566,157,129,0,0
272.899,344,233,0,0
272.999,307,212,0,0
273.532,134,200,0,0
273.632,138,209,0,0
273.732,150,220,0,0
273.832,160,230,0,0
273.932,166,238,0,0
274.032,157,235,0,0
274.132,147,232,0,0
274.232,142,226,0,0
274.332,135,224,0,0
274.432,139,228,0,0
274.532,158,229,0,0
275.932,282,333,0,0
276.532,275,312,0,0
276.932,218,355,0,0
277.099,170,364,0,0
277.532,110,112,0,0
277.632,97,251,0,0
277.732,100,192,0,0
277.832,107,205,0,0
278.432,111,217,0,0
278.565,109,191,0,0
278.665,109,180,0,0
278.766,113,161,0,0
278.866,115,156,0,0
278.966,119,174,0,0
279.099,113,179,0,0
279.199,109,169,0,0
279.299,119,174,0,0
279.399,129,187,0,0
279.899,146,202,0,0
279.999,143,198,0,0
280.099,169,226,0,0
280.199,193,215,0,0
280.299,185,210,0,0
280.399,169,211,0,0
280.732,128,260,0,0
280.832,122,271,0,0
280.932,128,260,0,0
281.032,146,236,0,0
281.132,154,228,0,0
281.232,159,217,0,0
281.332,164,251,0,0
281.533,153,218,0,0
281.732,152,221,0,0
281.865,151,224,0,0
281.966,141,251,0,0
282.066,140,275,0,0
282.166,139,281,0,0
282.266,144,281,0,0
282.399,147,263,0,0
282.499,149,264,0,0
282.599,150,274,0,0
282.699,152,274,0,0
282.799,152,277,0,0
282.899,150,281,0,0
282.999,139,274,0,0
283.099,135,269,0,0
283.199,132,261,0,0
283.299,126,251,0,0
283.399,122,254,0,0
283.499,119,260,0,0
283.599,118,257,0,0
283.699,117,256,0,0
283.799,117,258,0,0
283.860,117,258,0,1
283.899,117,251,0,1
283.999,119,253,0,1
284.099,115,267,0,1
284.199,112,274,0,1
284.299,108,274,0,1
284.340,108,274,0,0
284.399,111,266,0,0
284.499,112,263,0,0
284.599,108,272,0,0
284.699,109,275,0,0
284.799,113,280,0,0
284.899,113,290,0,0
284.999,115,285,0,0
285.099,117,282,0,0
285.199,121,280,0,0
285.220,121,280,0,1
285.299,132,266,0,1
285.636,132,266,0,0
287.699,414,266,0,0
287.799,408,260,0,0
287.899,422,259,0,0
287.999,423,258,0,0
288.099,420,256,0,0
288.199,425,253,0,0
288.299,431,257,0,0
288.399,431,268,0,0
288.499,427,279,0,0
288.599,418,290,0,0
288.699,406,295,0,0
289.332,381,265,0,0
289.432,380,269,0,0
289.532,375,278,0,0
289.632,377,296,0,0
289.732,380,306,0,0
289.832,380,309,0,0
289.932,365,311,0,0
290.032,356,319,0,0
290.132,356,319,0,0
290.232,355,321,0,0
290.332,365,313,0,0
290.432,365,312,0,0
290.532,355,323,0,0
290.632,354,325,0,0
290.732,358,314,0,0
290.832,378,290,0,0
290.932,375,290,0,0
291.032,370,284,0,0
291.132,366,274,0,0
291.232,364,273,0,0
291.332,362,274,0,0
291.432,352,289,0,0
291.532,343,290,0,0
291.732,311,274,0,0
291.832,309,273,0,0
292.032,338,273,0,0
292.132,328,270,0,0
292.232,324,275,0,0
295.966,365,311,0,0
296.066,364,312,0,0
296.166,350,311,0,0
296.266,358,309,0,0
296.366,361,307,0,0
296.466,366,301,0,0
296.500,366,301,0,1
296.566,377,289,0,1
296.666,394,281,0,1
296.766,405,267,0,1
296.852,405,267,0,0
296.866,405,263,0,0
296.966,406,261,0,0
297.066,396,250,0,0
297.166,387,245,0,0
297.266,365,239,0,0
297.366,355,235,0,0
297.466,355,230,0,0
297.566,350,228,0,0
297.666,354,231,0,0
297.766,359,237,0,0
297.866,361,238,0,0
297.966,360,241,0,0
298.066,358,243,0,0
298.166,360,243,0,0
298.266,362,250,0,0
298.366,364,252,0,0
298.466,380,258,0,0
298.566,378,271,0,0
298.666,379,277,0,0
298.766,378,277,0,0
298.866,362,273,0,0
303.399,223,250,0,0
303.499,199,247,0,0
303.599,180,255,0,0
303.699,178,270,0,0
303.799,178,275,0,0
303.966,171,284,0,0
304.066,171,275,0,0
304.166,166,274,0,0
304.266,162,281,0,0
304.292,162,281,0,1
304.366,156,287,0,1
304.466,147,285,0,1
304.500,147,285,0,0
304.566,129,283,0,0
304.666,115,281,0,0
304.766,112,283,0,0
304.866,110,283,0,0
304.966,114,293,0,0
305.066,117,303,0,0
305.166,112,304,0,0
305.266,107,302,0,0
305.366,104,300,0,0
305.466,111,311,0,0
305.632,112,271,0,0
305.732,114,275,0,0
305.832,115,277,0,0
305.932,112,282,0,0
306.032,112,279,0,0
306.133,111,282,0,0
306.266,110,292,0,0
306.366,109,291,0,0
306.466,110,298,0,0
306.566,112,303,0,0
306.666,110,298,0,0
306.766,106,288,0,0
306.866,97,271,0,0
306.966,84,251,0,0
307.066,69,236,0,0
307.166,69,219,0,0
307.266,74,205,0,0
307.366,76,199,0,0
307.466,75,197,0,0
307.566,81,193,0,0
307.666,80,189,0,0
307.766,90,179,0,0
307.866,93,182,0,0
307.966,95,171,0,0
308.066,88,160,0,0
308.166,89,161,0,0
308.266,103,146,0,0
308.366,103,140,0,0
308.466,102,133,0,0
308.566,99,139,0,0
308.666,97,142,0,0
308.766,94,139,0,0
308.866,99,145,0,0
308.966,99,146,0,0
309.066,104,152,0,0
309.166,103,154,0,0
309.266,104,167,0,0
309.366,101,170,0,0
309.466,94,182,0,0
309.566,82,202,0,0
309.666,78,217,0,0
309.766,89,234,0,0
310.299,121,242,0,0
311.732,157,225,0,0
311.833,155,226,0,0
311.933,156,223,0,0
312.066,156,227,0,0
312.166,154,230,0,0
312.266,157,230,0,0
312.366,162,228,0,0
312.466,163,218,0,0
312.566,165,216,0,0
312.666,167,211,0,0
312.766,172,202,0,0
312.866,175,193,0,0
312.966,172,185,0,0
313.066,172,182,0,0
313.166,172,188,0,0
313.266,172,196,0,0
313.366,170,204,0,0
313.466,160,204,0,0
313.566,211,200,0,0
313.966,184,228,0,0
314.066,205,232,0,0
314.166,223,231,0,0
314.266,242,245,0,0
314.366,252,241,0,0
314.466,258,244,0,0
314.566,264,245,0,0
314.666,271,249,0,0
314.766,287,231,0,0
314.866,306,178,0,0
315.966,371,209,0,0
316.066,375,211,0,0
316.166,376,211,0,0
316.266,374,211,0,0
316.366,364,197,0,0
316.500,364,197,0,1
316.532,357,176,0,1
316.633,358,162,0,1
316.644,358,162,0,0
316.733,356,159,0,0
316.866,357,148,0,0
316.966,366,141,0,0
317.066,367,135,0,0
317.166,364,136,0,0
317.266,361,137,0,0
317.366,359,136,0,0
317.466,354,131,0,0
317.566,351,127,0,0
317.666,352,128,0,0
317.766,355,130,0,0
317.866,355,132,0,0
317.966,356,133,0,0
318.066,360,135,0,0
318.166,367,138,0,0
318.266,390,133,0,0
318.433,405,131,0,0
318.566,419,119,0,0
318.666,423,117,0,0
318.766,427,119,0,0
318.866,431,117,0,0
318.966,434,116,0,0
319.066,439,119,0,0
319.166,438,120,0,0
319.266,442,117,0,0
319.300,442,117,0,1
319.366,443,120,0,1
319.466,447,122,0,1
319.492,447,122,0,0
319.566,451,124,0,0
319.666,452,124,0,0
319.766,454,125,0,0
319.844,454,125,0,1
319.866,452,130,0,1
319.966,451,136,0,1
320.066,448,137,0,1
320.166,445,136,0,1
320.266,447,140,0,1
320.366,438,146,0,1
320.466,430,150,0,1
320.566,426,144,0,1
320.666,424,143,0,1
320.766,435,154,0,1
320.820,435,154,0,0
320.866,441,164,0,0
320.999,435,173,0,0
322.099,439,223,0,0
322.199,444,226,0,0
322.733,380,186,0,0
322.833,371,192,0,0
323.166,355,209,0,0
323.266,342,208,0,0
323.366,336,216,0,0
323.466,323,226,0,0
323.566,360,234,0,0
323.666,363,242,0,0
326.633,503,114,0,0
329.232,113,198,0,0
329.333,113,212,0,0
329.433,110,218,0,0
329.533,106,225,0,0
329.666,107,214,0,0
329.732,107,214,0,1
329.766,108,217,0,1
329.866,117,208,0,1
329.966,123,211,0,1
330.066,116,310,0,1
330.166,131,188,0,1
330.228,131,188,0,0
330.266,141,191,0,0
330.366,147,188,0,0
330.466,146,177,0,0
330.566,148,166,0,0
330.666,144,172,0,0
330.766,140,173,0,0
330.933,142,175,0,0
331.033,155,174,0,0
331.133,180,170,0,0
331.233,148,170,0,0
334.532,367,203,0,0
334.933,352,212,0,0
336.566,396,325,0,0
336.666,390,323,0,0
336.766,397,320,0,0
336.866,392,318,0,0
336.966,372,318,0,0
337.066,371,322,0,0
337.166,372,323,0,0
337.266,374,325,0,0
337.366,388,323,0,0
337.466,395,323,0,0
337.566,405,325,0,0
337.666,413,328,0,0
337.766,413,327,0,0
337.866,410,325,0,0
337.966,410,325,0,0
338.066,416,323,0,0
338.166,430,322,0,0
338.266,435,318,0,0
338.366,436,310,0,0
338.466,431,305,0,0
338.566,431,308,0,0
338.666,426,298,0,0
338.766,429,290,0,0
338.866,426,279,0,0
339.366,455,282,0,0
339.466,475,281,0,0
339.566,507,273,0,0
339.666,505,274,0,0
339.766,505,278,0,0
339.866,504,282,0,0
339.966,506,285,0,0
340.066,501,288,0,0
340.166,493,290,0,0
340.266,494,291,0,0
340.366,491,292,0,0
340.466,489,292,0,0
340.566,484,294,0,0
340.666,477,288,0,0
340.766,477,291,0,0
342.399,425,191,0,0
342.499,415,195,0,0
342.733,513,289,0,0
343.066,508,292,0,0
344.666,241,143,0,0
344.799,229,143,0,0
344.899,218,150,0,0
344.999,195,178,0,0
349.132,380,335,0,0
354.266,214,127,0,0
354.366,211,144,0,0
355.433,327,216,0,0
355.533,328,219,0,0
355.633,326,224,0,0
355.733,324,220,0,0
355.796,324,220,0,1
355.933,304,235,0,1
356.033,296,227,0,1
356.100,296,227,0,0
356.133,283,233,0,0
356.233,273,245,0,0
356.333,264,259,0,0
356.433,256,263,0,0
365.799,237,343,0,0
365.899,263,342,0,0
365.999,291,342,0,0
366.266,402,314,0,0
366.366,408,302,0,0
366.466,407,299,0,0
366.566,403,295,0,0
366.666,403,305,0,0
366.766,411,311,0,0
366.866,422,317,0,0
366.999,433,315,0,0
367.099,450,312,0,0
367.199,460,307,0,0
367.299,460,306,0,0
367.399,460,311,0,0
367.499,438,332,0,0
367.599,421,342,0,0
367.699,414,341,0,0
367.799,388,337,0,0
367.899,367,332,0,0
368.033,350,328,0,0
370.733,209,279,0,0
371.899,303,217,0,0
372.199,285,234,0,0
372.299,286,237,0,0
372.566,352,254,0,0
372.666,366,255,0,0
372.766,383,268,0,0
372.866,390,278,0,0
372.966,404,286,0,0
373.066,406,287,0,0
373.166,408,282,0,0
373.266,398,280,0,0
373.366,394,281,0,0
373.466,362,274,0,0
373.566,338,258,0,0
373.666,332,237,0,0
375.666,428,115,0,0
375.766,419,116,0,0
375.866,418,119,0,0
375.966,420,125,0,0
376.066,417,122,0,0
376.166,414,118,0,0
376.266,412,114,0,0
376.324,412,114,0,1
376.366,400,112,0,1
376.466,395,109,0,1
376.566,387,109,0,1
376.666,377,114,0,1
376.676,377,114,0,0
376.766,372,118,0,0
376.866,367,119,0,0
376.966,364,121,0,0
377.066,355,121,0,0
377.166,345,122,0,0
377.266,348,118,0,0
377.366,348,118,0,0
377.466,351,118,0,0
377.566,349,123,0,0
377.666,355,139,0,0
377.766,363,155,0,0
377.866,362,164,0,0
377.966,360,172,0,0
378.066,357,191,0,0
378.166,364,219,0,0
378.266,374,236,0,0
378.366,365,249,0,0
378.466,358,261,0,0
378.566,357,274,0,0
378.666,363,285,0,0
378.766,374,289,0,0
378.866,382,280,0,0
378.966,382,280,0,0
379.066,376,282,0,0
379.166,386,257,0,0
379.266,396,239,0,0
379.366,395,229,0,0
379.466,388,222,0,0
379.566,380,218,0,0
379.666,370,208,0,0
379.766,364,197,0,0
379.966,308,132,0,0
380.499,191,104,0,0
380.700,198,103,0,0
381.166,203,103,0,0
381.266,209,104,0,0
381.399,212,103,0,0
382.633,203,110,0,0
382.733,197,111,0,0
382.833,186,113,0,0
382.933,178,120,0,0
383.033,180,116,0,0
389.366,361,193,0,0
389.466,362,192,0,0
389.566,362,186,0,0
389.666,366,186,0,0
389.766,367,189,0,0
389.866,371,183,0,0
389.966,366,182,0,0
390.066,360,154,0,0
390.166,352,146,0,0
390.366,347,158,0,0
390.999,339,124,0,0
391.099,343,115,0,0
391.199,340,119,0,0
391.299,337,125,0,0
391.399,352,121,0,0
391.499,354,122,0,0
396.633,119,265,0,0
396.733,120,264,0,0
396.899,127,251,0,0
397.000,113,238,0,0
397.100,97,225,0,0
397.233,80,226,0,0
397.333,72,234,0,0
397.433,70,238,0,0
397.533,73,242,0,0
397.633,85,274,0,0
397.733,93,283,0,0
397.833,98,284,0,0
397.933,102,284,0,0
398.033,110,291,0,0
398.133,115,301,0,0
398.233,129,291,0,0
398.333,138,285,0,0
398.433,147,281,0,0
399.766,282,317,0,0
399.866,303,315,0,0
400.100,321,299,0,0
400.200,335,303,0,0
400.300,339,309,0,0
400.400,335,315,0,0
400.500,350,304,0,0
400.633,346,302,0,0
400.733,346,303,0,0
400.833,344,299,0,0
401.100,308,312,0,0
401.766,412,173,0,0
401.933,404,168,0,0
402.666,405,158,0,0
402.799,405,153,0,0
404.566,309,340,0,0
405.500,375,209,0,0
405.633,338,314,0,0
405.800,369,232,0,0
405.900,368,232,0,0
406.000,368,227,0,0
406.133,369,250,0,0
406.300,361,275,0,0
407.999,461,188,0,0
408.100,471,196,0,0
408.666,485,112,0,0
409.033,445,152,0,0
410.900,458,127,0,0
412.900,479,268,0,0
413.000,480,267,0,0
414.733,116,285,0,0
414.833,114,276,0,0
414.933,112,266,0,0
415.033,115,279,0,0
415.133,117,279,0,0
415.233,112,286,0,0
415.333,113,285,0,0
415.433,111,289,0,0
415.533,106,296,0,0
415.633,100,307,0,0
415.733,91,310,0,0
415.833,88,315,0,0
415.933,92,321,0,0
416.033,92,320,0,0
416.133,95,320,0,0
416.233,97,319,0,0
416.333,96,321,0,0
416.433,86,325,0,0
416.533,91,321,0,0
416.644,91,321,0,1
416.666,87,328,0,1
416.766,82,320,0,1
416.866,87,320,0,1
416.966,89,319,0,1
417.066,89,320,0,1
417.156,89,320,0,0
417.166,93,324,0,0
417.252,93,324,0,1
417.266,96,325,0,1
417.364,96,325,0,0
417.366,107,331,0,0
417.466,119,329,0,0
417.566,117,322,0,0
417.666,117,321,0,0
417.766,111,323,0,0
418.000,109,329,0,0
418.133,100,325,0,0
418.233,97,323,0,0
418.333,99,322,0,0
418.433,108,323,0,0
418.533,110,316,0,0
418.633,115,319,0,0
418.733,108,321,0,0
418.833,111,321,0,0
418.933,107,321,0,0
419.033,114,318,0,0
419.133,116,315,0,0
419.233,120,316,0,0
419.333,125,311,0,0
419.433,136,307,0,0
419.533,137,305,0,0
419.633,142,300,0,0
419.733,156,285,0,0
419.833,158,283,0,0
419.933,161,278,0,0
420.033,163,272,0,0
420.200,148,265,0,0
422.666,167,184,0,0
422.766,161,178,0,0
422.866,176,177,0,0
422.966,196,174,0,0
423.066,198,173,0,0
423.166,199,175,0,0
423.204,199,175,0,1
423.266,192,177,0,1
423.466,198,192,0,1
423.700,198,192,0,0
424.233,293,221,0,0
424.333,297,217,0,0
424.433,299,196,0,0
424.533,303,202,0,0
424.633,305,197,0,0
424.733,306,192,0,0
424.833,308,188,0,0
424.933,315,183,0,0
425.033,333,180,0,0
425.133,339,179,0,0
425.233,340,180,0,0
425.333,348,177,0,0
425.433,354,177,0,0
425.533,359,178,0,0
425.633,362,178,0,0
425.733,361,179,0,0
425.833,359,178,0,0
425.933,359,176,0,0
426.033,361,176,0,0
426.133,359,175,0,0
426.233,350,174,0,0
426.333,344,173,0,0
426.433,341,171,0,0
426.533,345,167,0,0
426.633,341,167,0,0
426.733,344,170,0,0
426.833,346,171,0,0
426.933,345,169,0,0
427.033,340,170,0,0
427.133,339,169,0,0
427.233,341,169,0,0
427.333,345,169,0,0
427.433,344,171,0,0
427.533,343,173,0,0
427.633,342,173,0,0
427.733,343,173,0,0
427.833,343,173,0,0
427.933,345,175,0,0
428.033,335,172,0,0
428.133,330,172,0,0
428.233,345,173,0,0
428.333,373,174,0,0
428.433,353,172,0,0
428.567,278,134,0,0
428.700,278,133,0,0
428.800,273,133,0,0
430.400,303,155,0,0
430.500,304,157,0,0
430.600,312,157,0,0
430.733,306,152,0,0
430.833,305,152,0,0
430.933,302,149,0,0
431.033,303,152,0,0
431.133,307,156,0,0
431.233,325,157,0,0
431.333,387,160,0,0
431.433,308,154,0,0
431.533,302,151,0,0
431.633,314,152,0,0
431.733,304,150,0,0
431.833,303,150,0,0
431.966,334,152,0,0
432.100,309,151,0,0
432.200,303,150,0,0
433.066,302,152,0,0
435.400,293,222,0,0
435.533,291,215,0,0
437.766,469,243,0,0
437.866,472,249,0,0
437.966,461,249,0,0
438.100,469,257,0,0
438.200,450,256,0,0
438.667,375,258,0,0
439.633,179,253,0,0
439.733,168,250,0,0
439.833,165,248,0,0
439.933,145,249,0,0
440.033,127,253,0,0
440.133,140,251,0,0
440.233,154,254,0,0
440.333,153,255,0,0
440.433,140,256,0,0
440.533,132,255,0,0
440.633,135,265,0,0
440.733,117,261,0,0
440.833,119,265,0,0
440.933,115,266,0,0
441.033,113,269,0,0
441.133,105,274,0,0
441.233,107,278,0,0
441.333,105,280,0,0
441.433,105,288,0,0
441.533,107,289,0,0
441.633,110,290,0,0
441.733,114,290,0,0
441.833,115,292,0,0
441.933,119,297,0,0
442.033,120,302,0,0
442.133,117,304,0,0
442.233,119,300,0,0
442.333,123,302,0,0
442.433,128,303,0,0
442.533,135,304,0,0
445.066,179,188,0,0
448.366,134,231,0,0
449.866,253,167,0,0
450.266,257,161,0,0
450.533,277,152,0,0
450.633,280,151,0,0
450.733,295,150,0,0
451.200,290,153,0,0
451.300,291,141,0,0
451.400,320,130,0,0
451.600,345,128,0,0
451.700,340,131,0,0
451.800,339,135,0,0
451.900,306,132,0,0
451.988,306,132,0,1
452.067,232,161,0,1
452.167,329,141,0,1
452.300,328,141,0,1
452.308,328,141,0,0
452.633,239,177,0,0
452.866,283,176,0,0
456.433,331,230,0,0
456.533,336,231,0,0
456.633,341,229,0,0
456.733,349,220,0,0
456.833,363,213,0,0
456.933,379,210,0,0
457.033,382,202,0,0
457.133,390,211,0,0
457.233,393,222,0,0
457.333,394,224,0,0
457.433,391,230,0,0
457.533,377,226,0,0
457.633,376,222,0,0
457.733,373,209,0,0
457.833,376,205,0,0
457.933,375,218,0,0
458.033,367,210,0,0
458.567,367,205,0,0
458.667,368,204,0,0
458.767,366,194,0,0
458.884,366,194,0,1
459.167,371,218,0,1
459.172,371,218,0,0
459.300,372,219,0,0
459.400,372,222,0,0
459.500,374,224,0,0
459.600,375,228,0,0
459.700,374,227,0,0
459.800,373,224,0,0
459.900,374,225,0,0
460.000,375,230,0,0
460.100,375,229,0,0
460.200,368,232,0,0
464.300,182,308,0,0
464.400,186,309,0,0
464.500,186,307,0,0
464.723,186,307,0,1
464.867,162,283,0,1
464.948,162,283,0,0
464.967,149,270,0,0
465.067,149,263,0,0
465.167,142,258,0,0
465.300,140,250,0,0
465.400,128,234,0,0
465.500,128,225,0,0
465.600,125,216,0,0
465.700,123,219,0,0
465.800,125,239,0,0
465.900,129,245,0,0
466.000,131,260,0,0
466.100,130,269,0,0
466.200,125,285,0,0
466.300,121,289,0,0
466.400,125,280,0,0
466.500,122,283,0,0
466.700,100,276,0,0
466.800,125,251,0,0
468.400,153,214,0,0
468.500,155,209,0,0
468.633,157,213,0,0
468.733,152,214,0,0
468.833,147,210,0,0
468.933,148,211,0,0
469.033,145,199,0,0
469.062,145,199,0,1
469.133,148,197,0,1
469.233,144,193,0,1
469.333,145,190,0,1
469.433,142,185,0,1
469.533,151,184,0,1
469.633,147,181,0,1
469.733,138,163,0,1
469.833,128,141,0,1
469.876,128,141,0,0
469.933,123,134,0,0
470.033,115,130,0,0
470.133,109,127,0,0
470.233,101,126,0,0
470.333,97,128,0,0
470.433,85,123,0,0
470.533,83,120,0,0
470.633,87,123,0,0
470.733,88,124,0,0
470.833,89,125,0,0
470.933,83,125,0,0
471.033,78,124,0,0
471.133,75,126,0,0
471.233,75,131,0,0
471.333,74,127,0,0
471.433,74,123,0,0
471.533,71,124,0,0
471.633,81,119,0,0
471.733,86,113,0,0
471.833,93,121,0,0
471.933,109,131,0,0
472.033,100,139,0,0
472.133,100,143,0,0
472.233,100,142,0,0
472.334,102,135,0,0
472.467,95,139,0,0
472.567,95,137,0,0
472.667,93,132,0,0
472.767,90,130,0,0
472.867,90,130,0,0
472.967,88,130,0,0
473.067,88,130,0,0
473.167,90,131,0,0
473.267,91,131,0,0
473.367,91,131,0,0
473.500,87,121,0,0
473.600,87,113,0,0
473.700,84,123,0,0
473.800,94,130,0,0
473.900,100,130,0,0
474.000,93,126,0,0
474.100,88,121,0,0
474.276,88,121,0,1
474.333,91,126,0,1
474.433,92,131,0,1
474.436,92,131,0,0
474.533,99,143,0,0
475.900,147,272,0,0
476.000,174,271,0,0
476.100,235,282,0,0
476.200,253,283,0,0
476.300,222,272,0,0
476.400,188,267,0,0
477.000,205,265,0,0
477.167,173,256,0,0
477.267,178,264,0,0
477.367,192,271,0,0
477.467,195,280,0,0
477.933,253,291,0,0
492.100,178,312,0,0
492.633,375,140,0,0
495.167,185,199,0,0
495.267,179,194,0,0
495.367,172,194,0,0
501.533,115,180,0,0
501.633,117,187,0,0
501.733,115,195,0,0
501.834,143,250,0,0
501.967,98,204,0,0
502.667,145,282,0,0
502.767,127,266,0,0
502.867,131,264,0,0
506.733,444,236,0,0
506.833,462,246,0,0
506.934,458,259,0,0
507.067,454,269,0,0
507.167,452,275,0,0
507.267,454,279,0,0
507.367,463,285,0,0
507.467,474,281,0,0
509.700,380,275,0,0
511.200,278,275,0,0
516.000,339,137,0,0
516.200,329,145,0,0
516.300,345,148,0,0
518.067,396,180,0,0
518.167,394,178,0,0
518.267,262,199,0,0
518.434,384,173,0,0
518.800,369,218,0,0
518.900,342,227,0,0
519.000,359,233,0,0
519.100,366,241,0,0
519.200,362,239,0,0
519.300,363,237,0,0
519.400,370,237,0,0
519.534,377,236,0,0
519.667,375,244,0,0
519.767,371,245,0,0
519.867,373,238,0,0
524.167,146,117,0,0
529.834,226,138,0,0
529.934,232,139,0,0
530.034,241,133,0,0
530.134,215,144,0,0
530.267,210,162,0,0
530.367,209,173,0,0
530.500,198,225,0,0
530.667,203,198,0,0
530.767,204,201,0,0
530.867,207,226,0,0
530.967,206,228,0,0
531.067,201,187,0,0
531.167,193,182,0,0
531.267,186,179,0,0
531.367,171,226,0,0
531.467,165,207,0,0
532.100,161,161,0,0
532.200,164,169,0,0
532.734,155,175,0,0
532.834,150,176,0,0
532.934,142,177,0,0
533.234,139,340,0,0
533.534,100,273,0,0
533.667,97,267,0,0
533.767,101,276,0,0
533.867,104,266,0,0
533.967,103,270,0,0
534.067,102,274,0,0
534.167,103,272,0,0
534.244,103,272,0,1
534.267,101,269,0,1
534.367,100,266,0,1
534.467,103,268,0,1
534.567,105,266,0,1
534.660,105,266,0,0
534.667,105,258,0,0
534.767,109,268,0,0
534.867,113,267,0,0
534.967,112,265,0,0
535.067,115,271,0,0
537.300,448,262,0,0
546.300,427,313,0,0
547.934,399,307,0,0
548.034,407,307,0,0
548.134,403,307,0,0
548.234,399,306,0,0
550.867,382,306,0,0
550.967,438,298,0,0
551.067,454,297,0,0
551.167,451,297,0,0
551.267,438,298,0,0
551.367,445,293,0,0
551.467,450,290,0,0
551.567,433,295,0,0
551.667,431,294,0,0
551.767,425,301,0,0
551.867,433,305,0,0
551.967,437,308,0,0
552.067,462,313,0,0
552.167,473,312,0,0
552.267,469,308,0,0
552.367,474,304,0,0
552.467,490,296,0,0
552.567,477,290,0,0
552.667,484,287,0,0
552.767,481,279,0,0
552.867,488,274,0,0
552.967,493,274,0,0
553.067,498,272,0,0
553.167,503,271,0,0
553.267,506,270,0,0
553.367,503,272,0,0
553.467,506,266,0,0
553.508,506,266,0,1
553.567,502,256,0,1
553.667,500,243,0,1
553.732,500,243,0,0
553.767,511,234,0,0
553.867,520,227,0,0
553.967,521,219,0,0
554.067,510,225,0,0
554.167,517,215,0,0
554.267,512,216,0,0
554.367,512,218,0,0
554.467,520,217,0,0
554.567,529,216,0,0
554.667,527,218,0,0
554.767,523,223,0,0
554.867,529,229,0,0
554.967,531,231,0,0
555.067,528,236,0,0
555.167,526,234,0,0
555.267,528,230,0,0
555.367,526,233,0,0
555.467,529,235,0,0
555.567,531,236,0,0
555.667,526,235,0,0
555.767,525,234,0,0
555.867,523,234,0,0
555.967,521,234,0,0
556.067,521,234,0,0
556.167,519,234,0,0
556.267,519,230,0,0
556.276,519,230,0,1
556.367,521,225,0,1
556.467,516,216,0,1
556.691,516,216,0,0
556.800,511,214,0,0
557.934,471,268,0,0
558.634,469,268,0,0
559.134,473,282,0,0
559.734,506,231,0,0
559.834,506,223,0,0
559.934,515,231,0,0
560.034,513,224,0,0
560.134,499,212,0,0
560.234,504,225,0,0
560.334,496,237,0,0
560.434,505,205,0,0
560.534,502,200,0,0
560.634,494,202,0,0
561.334,492,196,0,0
561.434,487,189,0,0
561.534,480,177,0,0
561.634,470,170,0,0
561.734,467,165,0,0
561.834,468,161,0,0
561.934,470,160,0,0
562.034,474,169,0,0
562.134,475,171,0,0
562.234,480,167,0,0
562.334,472,158,0,0
562.434,459,149,0,0
562.534,453,143,0,0
562.634,442,144,0,0
562.734,432,143,0,0
563.034,415,141,0,0
564.034,449,203,0,0
566.001,188,175,0,0
566.167,209,161,0,0
566.267,202,150,0,0
566.367,200,145,0,0
566.467,192,150,0,0
566.567,180,154,0,0
566.667,174,160,0,0
566.767,166,168,0,0
566.867,147,177,0,0
566.967,127,190,0,0
567.067,113,196,0,0
567.167,106,209,0,0
567.267,112,218,0,0
567.367,124,231,0,0
567.467,119,240,0,0
567.567,127,256,0,0
567.667,129,272,0,0
567.767,129,271,0,0
567.867,133,277,0,0
567.967,131,274,0,0
568.067,127,268,0,0
568.167,120,251,0,0
568.434,96,226,0,0
568.534,92,234,0,0
568.634,92,238,0,0
568.734,87,241,0,0
568.834,88,243,0,0
568.934,93,251,0,0
570.767,161,237,0,0
570.934,239,294,0,0
571.034,255,297,0,0
571.134,260,295,0,0
571.234,264,292,0,0
571.334,263,290,0,0
571.434,252,292,0,0
571.476,252,292,0,1
571.534,248,287,0,1
571.634,245,287,0,1
571.716,245,287,0,0
571.734,258,284,0,0
571.834,260,284,0,0
572.234,245,293,0,0
572.334,249,298,0,0
572.434,259,294,0,0
572.534,261,291,0,0
572.634,259,289,0,0
572.734,257,288,0,0
572.834,255,286,0,0
572.934,252,289,0,0
573.034,266,297,0,0
573.134,274,298,0,0
573.234,278,292,0,0
573.334,281,291,0,0
573.434,287,294,0,0
573.534,305,290,0,0
573.634,325,290,0,0
574.134,324,268,0,0
578.100,343,305,0,0
578.201,408,293,0,0
578.401,436,287,0,0
578.501,434,284,0,0
578.634,440,278,0,0
578.734,447,275,0,0
578.834,443,273,0,0
578.934,449,269,0,0
579.034,461,264,0,0
579.134,467,266,0,0
579.234,471,270,0,0
579.334,479,270,0,0
579.967,471,207,0,0
580.067,476,209,0,0
580.167,476,211,0,0
580.767,480,207,0,0
580.867,497,206,0,0
581.000,498,204,0,0
581.134,509,203,0,0
581.267,519,194,0,0
581.367,526,218,0,0
584.834,257,96,0,0
585.267,294,150,0,0
585.367,285,137,0,0
585.467,284,137,0,0
585.567,279,134,0,0
585.667,269,129,0,0
585.767,258,136,0,0
585.867,242,149,0,0
585.967,222,146,0,0
586.067,219,152,0,0
586.167,207,162,0,0
586.267,200,166,0,0
586.367,203,172,0,0
586.834,263,195,0,0
587.201,209,189,0,0
587.334,213,194,0,0
587.434,230,203,0,0
587.534,228,210,0,0
587.634,213,209,0,0
587.734,209,209,0,0
587.834,201,207,0,0
587.934,203,209,0,0
588.301,231,214,0,0
588.434,217,212,0,0
588.534,212,212,0,0
588.634,206,213,0,0
588.734,221,225,0,0
588.834,235,237,0,0
588.934,240,243,0,0
589.034,246,253,0,0
593.767,155,322,0,0
593.901,173,254,0,0
594.001,166,256,0,0
594.101,158,268,0,0
594.201,152,279,0,0
594.301,152,281,0,0
594.434,152,284,0,0
594.534,147,289,0,0
594.634,143,286,0,0
594.734,135,293,0,0
594.834,139,284,0,0
594.934,154,273,0,0
595.067,169,261,0,0
595.167,199,257,0,0
595.267,226,268,0,0
595.367,249,286,0,0
595.467,243,287,0,0
595.567,254,282,0,0
595.700,214,264,0,0
595.801,223,266,0,0
595.901,228,259,0,0
596.034,223,254,0,0
596.134,215,253,0,0
596.234,217,254,0,0
596.334,222,256,0,0
596.434,213,257,0,0
596.567,221,260,0,0
596.667,224,261,0,0
596.767,225,258,0,0
596.867,230,258,0,0
596.967,234,258,0,0
597.067,244,261,0,0
597.167,236,262,0,0
597.267,232,260,0,0
597.367,231,267,0,0
597.467,192,261,0,0
597.567,190,262,0,0
597.667,193,265,0,0
597.901,218,272,0,0
609.101,196,138,0,0
609.201,168,144,0,0
609.301,168,143,0,0
609.501,169,140,0,0
609.601,168,138,0,0
609.701,169,139,0,0
609.801,174,126,0,0
609.901,179,122,0,0
610.001,184,120,0,0
610.101,190,116,0,0
610.201,194,111,0,0
610.301,206,104,0,0
610.401,220,109,0,0
610.501,225,112,0,0
610.601,228,117,0,0
610.701,224,121,0,0
610.801,221,124,0,0
614.001,72,213,0,0
614.201,403,186,0,0
614.534,395,223,0,0
614.634,66,273,0,0
615.768,165,261,0,0
615.901,156,268,0,0
616.001,168,269,0,0
616.101,173,275,0,0
616.201,175,280,0,0
616.301,192,294,0,0
616.401,201,297,0,0
616.501,215,279,0,0
616.601,229,258,0,0
616.701,221,250,0,0
616.801,219,228,0,0
616.901,207,202,0,0
617.701,233,283,0,0
618.101,158,243,0,0
618.367,171,247,0,0
618.467,175,240,0,0
618.567,180,229,0,0
618.667,177,233,0,0
618.767,168,247,0,0
618.867,152,250,0,0
618.967,141,250,0,0
619.234,143,238,0,0
619.334,155,247,0,0
619.434,156,253,0,0
619.534,176,257,0,0
619.901,267,295,0,0
631.234,150,217,0,0
631.401,152,241,0,0
631.501,153,238,0,0
631.601,152,238,0,0
631.901,166,204,0,0
631.972,166,204,0,1
632.001,169,197,0,1
632.084,169,197,0,0
632.101,176,184,0,0
632.201,179,176,0,0
632.301,179,173,0,0
632.401,178,175,0,0
632.501,170,179,0,0
632.734,65,238,0,0
632.834,56,264,0,0
633.301,265,107,0,0
634.634,281,106,0,0
635.467,240,144,0,0
635.567,282,136,0,0
635.734,158,183,0,0
636.167,376,133,0,0
636.268,374,125,0,0
636.567,376,145,0,0
636.701,391,151,0,0
636.801,332,198,0,0
636.901,439,175,0,0
637.001,459,183,0,0
637.101,472,192,0,0
637.201,475,192,0,0
637.301,466,201,0,0
637.401,459,194,0,0
637.501,455,195,0,0
637.601,455,194,0,0
637.701,464,181,0,0
637.801,468,173,0,0
637.901,470,161,0,0
638.001,469,162,0,0
638.101,469,159,0,0
638.201,466,177,0,0
638.301,457,161,0,0
638.401,449,154,0,0
638.501,430,128,0,0
638.601,415,123,0,0
638.767,407,138,0,0
640.634,150,102,0,0
640.734,137,102,0,0
640.834,136,103,0,0
640.934,138,104,0,0
641.034,136,103,0,0
641.134,132,107,0,0
641.234,132,112,0,0
641.334,127,120,0,0
641.434,121,126,0,0
641.534,112,132,0,0
641.867,117,136,0,0
642.268,129,146,0,0
642.368,119,156,0,0
645.967,344,224,0,0
646.067,339,213,0,0
646.167,335,212,0,0
646.267,327,215,0,0
646.368,320,213,0,0
646.501,317,180,0,0
646.601,316,165,0,0
646.701,319,151,0,0
646.801,325,154,0,0
646.901,326,159,0,0
647.001,326,172,0,0
647.101,327,169,0,0
647.201,325,165,0,0
647.301,323,156,0,0
647.401,319,144,0,0
647.501,312,140,0,0
647.601,314,143,0,0
647.701,313,136,0,0
647.801,309,136,0,0
647.901,310,138,0,0
648.001,305,136,0,0
648.101,303,140,0,0
648.201,303,140,0,0
648.301,300,139,0,0
648.401,301,137,0,0
648.501,303,134,0,0
648.601,298,131,0,0
648.701,297,132,0,0
648.801,293,126,0,0
648.901,279,121,0,0
649.001,268,119,0,0
649.701,94,144,0,0
649.801,82,146,0,0
649.901,78,158,0,0
650.001,75,152,0,0
650.101,77,150,0,0
651.401,80,181,0,0
651.734,87,197,0,0
651.834,91,201,0,0
651.968,99,190,0,0
652.068,102,181,0,0
652.168,108,165,0,0
652.268,116,166,0,0
652.368,124,173,0,0
652.468,125,174,0,0
652.568,123,169,0,0
652.668,118,160,0,0
652.768,129,158,0,0
654.734,467,172,0,0
654.834,479,183,0,0
655.101,507,224,0,0
655.201,509,258,0,0
655.301,509,264,0,0
655.401,515,264,0,0
655.501,521,266,0,0
655.601,527,272,0,0
655.701,531,282,0,0
655.801,535,290,0,0
655.901,536,290,0,0
656.001,536,295,0,0
656.101,534,297,0,0
656.201,538,295,0,0
656.301,541,299,0,0
656.401,543,307,0,0
656.501,542,305,0,0
656.601,539,293,0,0
656.701,540,286,0,0
656.801,539,291,0,0
656.901,537,292,0,0
657.001,538,291,0,0
657.101,541,296,0,0
657.201,542,296,0,0
657.301,542,300,0,0
657.401,544,296,0,0
657.501,545,292,0,0
657.601,546,289,0,0
657.701,548,276,0,0
657.801,540,280,0,0
657.901,537,283,0,0
658.001,534,289,0,0
658.101,529,299,0,0
658.201,523,301,0,0
658.301,517,299,0,0
658.401,518,295,0,0
658.501,525,294,0,0
658.601,528,301,0,0
658.701,532,298,0,0
658.801,532,289,0,0
658.901,529,280,0,0
659.001,531,279,0,0
659.101,527,268,0,0
659.201,517,257,0,0
663.001,250,293,0,0
663.101,252,294,0,0
663.601,285,279,0,0
663.701,292,280,0,0
665.568,380,282,0,0
665.668,390,274,0,0
665.768,390,269,0,0
665.868,393,262,0,0
665.956,393,262,0,1
665.968,394,257,0,1
666.068,392,250,0,1
666.168,387,246,0,1
666.268,381,253,0,1
666.467,381,253,0,0
670.768,365,272,0,0
670.935,348,187,0,0
671.101,348,194,0,0
671.201,337,196,0,0
671.468,283,183,0,0
671.568,234,182,0,0
671.668,218,183,0,0
671.768,205,189,0,0
671.868,198,190,0,0
671.968,186,195,0,0
672.068,179,203,0,0
672.168,185,203,0,0
672.268,187,208,0,0
672.368,183,211,0,0
672.468,179,214,0,0
672.568,169,216,0,0
672.668,160,228,0,0
672.768,159,239,0,0
672.868,162,244,0,0
672.968,138,294,0,0
673.301,243,292,0,0
673.401,256,305,0,0
673.501,262,311,0,0
673.601,287,302,0,0
673.701,321,303,0,0
673.801,346,312,0,0
673.901,368,310,0,0
674.001,386,311,0,0
674.101,393,311,0,0
674.201,392,313,0,0
674.368,303,326,0,0
676.901,292,333,0,0
677.001,291,335,0,0
677.434,423,331,0,0
677.534,427,331,0,0
677.635,429,331,0,0
677.768,435,332,0,0
677.868,435,331,0,0
678.116,435,331,0,1
678.420,435,331,0,0
685.634,212,168,0,0
685.735,214,176,0,0
686.068,214,195,0,0
686.601,232,197,0,0
686.701,220,203,0,0
686.801,215,205,0,0
686.901,210,209,0,0
687.001,204,212,0,0
687.101,202,211,0,0
687.201,201,209,0,0
687.301,198,211,0,0
687.401,213,202,0,0
691.534,139,228,0,0
691.635,150,223,0,0
691.735,153,227,0,0
691.868,151,239,0,0
691.968,142,259,0,0
692.068,153,247,0,0
692.168,135,242,0,0
693.468,196,223,0,0
693.568,199,205,0,0
701.301,219,280,0,0
701.401,202,280,0,0
701.501,203,281,0,0
702.068,191,294,0,0
702.168,189,294,0,0
702.268,192,297,0,0
702.368,186,289,0,0
702.468,179,291,0,0
702.568,183,298,0,0
702.668,183,299,0,0
702.768,187,298,0,0
702.868,188,300,0,0
702.968,187,303,0,0
703.068,185,304,0,0
703.168,180,305,0,0
703.268,176,306,0,0
703.364,176,306,0,1
703.368,177,307,0,1
703.468,177,303,0,1
703.568,173,302,0,1
703.572,173,302,0,0
703.668,168,307,0,0
703.768,167,304,0,0
703.868,167,300,0,0
703.968,170,292,0,0
704.068,171,287,0,0
704.168,174,282,0,0
704.268,176,281,0,0
704.368,176,284,0,0
704.468,179,284,0,0
704.568,183,277,0,0
704.668,190,270,0,0
704.768,194,272,0,0
704.868,199,271,0,0
704.968,195,262,0,0
705.068,203,251,0,0
705.235,213,241,0,0
705.368,210,243,0,0
705.468,212,246,0,0
705.568,213,246,0,0
705.668,213,243,0,0
705.768,209,237,0,0
705.868,210,229,0,0
705.968,205,231,0,0
706.068,204,235,0,0
706.168,200,234,0,0
706.268,198,232,0,0
706.368,186,230,0,0
706.468,167,218,0,0
706.568,174,219,0,0
706.668,173,214,0,0
706.768,174,211,0,0
706.868,170,215,0,0
706.968,148,217,0,0
707.068,144,224,0,0
707.168,143,232,0,0
707.268,139,240,0,0
707.368,139,245,0,0
707.468,143,250,0,0
707.568,137,254,0,0
707.668,136,260,0,0
707.768,146,261,0,0
708.034,165,331,0,0
708.468,185,279,0,0
708.568,197,285,0,0
708.668,199,281,0,0
708.768,199,268,0,0
708.868,202,267,0,0
708.968,210,268,0,0
709.068,214,275,0,0
709.168,210,285,0,0
709.268,203,299,0,0
709.368,180,311,0,0
709.801,155,325,0,0
709.901,151,316,0,0
716.368,129,169,0,0
716.468,131,161,0,0
716.568,130,166,0,0
716.668,128,167,0,0
716.768,130,168,0,0
716.868,132,167,0,0
716.948,132,167,0,1
716.968,133,164,0,1
717.068,140,167,0,1
717.444,140,167,0,0
720.968,253,119,0,0
721.168,218,117,0,0
721.268,197,115,0,0
721.368,181,116,0,0
721.468,173,120,0,0
721.568,155,128,0,0
721.668,135,135,0,0
721.768,138,137,0,0
721.868,138,137,0,0
721.968,126,141,0,0
721.988,126,141,0,1
722.068,123,140,0,1
722.168,132,133,0,1
722.228,132,133,0,0
722.268,135,131,0,0
722.368,146,131,0,0
722.468,143,127,0,0
722.568,125,130,0,0
722.668,138,131,0,0
722.768,128,135,0,0
722.868,132,134,0,0
722.968,133,135,0,0
726.835,97,174,0,0
727.001,96,174,0,0
731.635,200,249,0,0
731.735,179,263,0,0
731.835,160,281,0,0
731.935,152,297,0,0
732.035,141,308,0,0
732.135,130,304,0,0
732.235,134,279,0,0
732.335,127,271,0,0
732.435,120,267,0,0
732.535,115,259,0,0
732.635,113,257,0,0
732.735,112,263,0,0
732.835,110,261,0,0
732.935,109,258,0,0
733.035,105,252,0,0
733.135,98,245,0,0
733.235,88,230,0,0
733.335,81,215,0,0
733.435,78,196,0,0
733.535,71,206,0,0
733.635,68,200,0,0
733.735,64,187,0,0
733.835,67,180,0,0
733.935,70,178,0,0
734.035,75,176,0,0
734.135,72,171,0,0
734.235,72,164,0,0
734.335,75,166,0,0
734.435,77,166,0,0
734.535,79,162,0,0
734.635,79,165,0,0
734.735,76,167,0,0
734.835,76,168,0,0
734.935,81,168,0,0
735.035,91,175,0,0
735.135,100,179,0,0
735.268,129,174,0,0
735.401,119,173,0,0
737.201,349,206,0,0
737.335,182,136,0,0
737.768,272,151,0,0
737.868,302,152,0,0
737.968,310,139,0,0
738.068,310,141,0,0
738.168,317,138,0,0
738.268,326,141,0,0
738.368,327,156,0,0
738.502,329,155,0,0
738.602,338,153,0,0
738.735,352,145,0,0
738.835,354,141,0,0
739.168,382,144,0,0
739.268,394,153,0,0
739.368,395,141,0,0
739.468,401,149,0,0
739.568,406,146,0,0
739.668,414,150,0,0
739.768,419,151,0,0
739.868,430,143,0,0
739.968,438,154,0,0
740.068,447,148,0,0
740.168,456,136,0,0
740.268,461,133,0,0
740.368,459,135,0,0
740.468,458,135,0,0
740.568,456,140,0,0
740.668,449,148,0,0
740.768,449,155,0,0
740.868,447,166,0,0
740.968,443,174,0,0
741.068,440,181,0,0
741.168,441,192,0,0
741.268,444,197,0,0
741.368,445,201,0,0
741.468,448,204,0,0
741.568,449,207,0,0
741.668,467,212,0,0
741.768,471,221,0,0
741.868,475,228,0,0
741.968,475,235,0,0
742.068,480,235,0,0
742.168,492,249,0,0
742.268,500,264,0,0
742.368,514,283,0,0
742.468,510,287,0,0
742.568,505,284,0,0
742.668,507,284,0,0
742.768,507,280,0,0
742.868,503,274,0,0
742.968,502,272,0,0
743.068,496,266,0,0
743.168,486,260,0,0
743.268,475,250,0,0
743.402,484,245,0,0
743.535,480,236,0,0
750.635,252,223,0,0
750.735,244,223,0,0
750.835,242,215,0,0
750.935,231,207,0,0
751.035,215,207,0,0
751.135,208,213,0,0
751.235,203,219,0,0
751.335,203,227,0,0
751.435,199,231,0,0
751.535,192,233,0,0
751.635,185,233,0,0
751.768,161,238,0,0
751.868,152,237,0,0
751.968,162,236,0,0
752.068,146,231,0,0
752.168,141,231,0,0
752.268,135,230,0,0
752.368,134,236,0,0
752.468,125,235,0,0
752.568,115,237,0,0
752.668,122,236,0,0
752.768,132,240,0,0
752.868,124,240,0,0
752.968,128,240,0,0
753.068,126,240,0,0
753.168,126,240,0,0
753.268,117,242,0,0
753.368,132,241,0,0
753.468,98,259,0,0
753.568,138,241,0,0
754.135,142,266,0,0
754.235,155,272,0,0
754.335,184,284,0,0
754.435,183,286,0,0
754.535,178,292,0,0
754.635,166,301,0,0
754.735,162,307,0,0
754.835,174,319,0,0
754.935,188,327,0,0
755.035,205,331,0,0
755.135,220,319,0,0
755.235,230,323,0,0
755.335,243,321,0,0
756.002,312,268,0,0
756.102,310,262,0,0
756.235,290,260,0,0
756.335,295,261,0,0
756.435,302,263,0,0
756.535,300,258,0,0
756.635,279,248,0,0
756.735,256,239,0,0
756.835,253,223,0,0
756.935,244,219,0,0
757.035,247,213,0,0
757.135,240,194,0,0
757.235,231,189,0,0
757.335,224,180,0,0
757.435,212,186,0,0
757.535,197,177,0,0
757.635,183,181,0,0
757.735,175,162,0,0
757.835,158,176,0,0
758.401,170,228,0,0
758.968,164,222,0,0
759.068,168,217,0,0
760.202,111,231,0,0
760.835,107,232,0,0
760.935,106,230,0,0
761.201,86,233,0,0
761.302,83,241,0,0
761.435,84,241,0,0
761.535,85,241,0,0
761.935,96,235,0,0
762.035,85,241,0,0
762.135,80,244,0,0
762.235,78,243,0,0
762.335,77,242,0,0
762.435,76,248,0,0
762.535,82,242,0,0
762.901,100,227,0,0
763.168,106,203,0,0
763.268,102,193,0,0
763.368,107,177,0,0
763.468,98,176,0,0
763.568,98,174,0,0
763.668,98,166,0,0
763.768,97,170,0,0
763.868,99,175,0,0
763.968,87,188,0,0
764.068,81,201,0,0
764.168,49,229,0,0
764.535,102,249,0,0
764.635,105,244,0,0
765.402,109,240,0,0
766.668,140,218,0,0
766.768,144,217,0,0
766.868,145,210,0,0
766.968,140,201,0,0
767.068,140,200,0,0
767.168,127,168,0,0
767.335,136,208,0,0
767.435,132,214,0,0
767.535,127,222,0,0
767.635,126,233,0,0
767.735,130,221,0,0
767.835,131,226,0,0
767.968,122,246,0,0
768.068,126,253,0,0
768.168,126,256,0,0
768.268,125,258,0,0
768.368,122,259,0,0
768.468,116,266,0,0
768.568,112,260,0,0
768.668,109,248,0,0
768.768,108,238,0,0
768.868,116,240,0,0
769.168,121,209,0,0
769.268,100,212,0,0
769.368,88,219,0,0
769.468,88,223,0,0
770.035,106,223,0,0
770.135,110,218,0,0
770.535,107,210,0,0
770.635,103,212,0,0
770.735,104,223,0,0
770.835,109,236,0,0
770.935,114,228,0,0
771.035,115,223,0,0
771.135,120,250,0,0
771.335,130,269,0,0
771.435,142,236,0,0
771.535,144,241,0,0
771.635,149,273,0,0
771.735,152,276,0,0
771.835,155,296,0,0
771.935,162,313,0,0
772.902,180,279,0,0
773.002,165,275,0,0
773.102,158,272,0,0
773.202,156,277,0,0
773.335,153,263,0,0
773.435,133,222,0,0
773.535,174,268,0,0
773.635,178,263,0,0
773.735,174,265,0,0
773.835,177,261,0,0
773.935,179,255,0,0
774.035,193,257,0,0
774.135,193,257,0,0
774.235,197,268,0,0
774.335,205,275,0,0
781.602,202,175,0,0
781.702,191,175,0,0
781.802,188,175,0,0
781.902,197,169,0,0
782.002,189,176,0,0
782.102,189,177,0,0
782.202,194,179,0,0
782.302,194,178,0,0
782.702,189,169,0,0
782.802,164,167,0,0
782.935,168,167,0,0
783.035,169,165,0,0
783.135,169,169,0,0
783.335,152,174,0,0
783.435,148,178,0,0
783.535,142,183,0,0
783.635,147,181,0,0
783.735,159,181,0,0
783.835,165,181,0,0
783.935,156,187,0,0
784.035,155,186,0,0
784.135,153,189,0,0
784.235,147,193,0,0
784.335,139,201,0,0
784.435,133,201,0,0
784.535,129,206,0,0
784.635,133,214,0,0
784.735,135,212,0,0
784.835,138,210,0,0
784.935,138,208,0,0
785.035,138,211,0,0
785.135,137,214,0,0
785.235,138,214,0,0
785.335,138,211,0,0
785.435,139,212,0,0
785.535,138,214,0,0
785.635,139,212,0,0
785.735,138,213,0,0
785.835,140,213,0,0
785.935,138,217,0,0
786.035,136,214,0,0
786.135,133,217,0,0
786.235,132,211,0,0
786.335,132,209,0,0
786.435,132,213,0,0
786.535,121,214,0,0
786.635,106,209,0,0
786.735,97,207,0,0
786.835,102,214,0,0
786.935,100,219,0,0
787.035,95,216,0,0
787.135,95,211,0,0
787.235,94,213,0,0
787.335,92,210,0,0
787.435,84,216,0,0
787.535,90,209,0,0
787.635,90,202,0,0
787.735,88,206,0,0
787.835,90,202,0,0
787.935,88,203,0,0
788.035,82,200,0,0
788.135,76,197,0,0
788.235,82,187,0,0
788.868,103,142,0,0
788.968,113,139,0,0
790.768,170,139,0,0
791.268,157,136,0,0
791.568,136,129,0,0
791.668,155,123,0,0
791.768,170,116,0,0
791.868,176,112,0,0
791.968,192,110,0,0
792.068,191,108,0,0
792.168,183,108,0,0
793.235,164,146,0,0
793.335,172,170,0,0
793.435,184,177,0,0
793.535,193,182,0,0
793.635,196,186,0,0
793.735,191,192,0,0
793.835,181,202,0,0
793.935,177,205,0,0
794.035,169,209,0,0
794.135,170,209,0,0
794.235,171,210,0,0
794.402,172,213,0,0
794.451,172,213,0,1
794.502,168,210,0,1
794.602,172,205,0,1
794.676,172,205,0,0
794.702,179,204,0,0
794.802,176,210,0,0
794.902,173,213,0,0
795.002,173,215,0,0
795.102,176,213,0,0
795.202,177,213,0,0
795.302,181,202,0,0
795.402,180,201,0,0
798.468,160,162,0,0
798.635,159,160,0,0
798.968,160,158,0,0
799.402,208,211,0,0
799.502,201,212,0,0
799.602,210,214,0,0
799.702,235,206,0,0
799.802,253,201,0,0
799.902,246,203,0,0
800.002,234,190,0,0
800.135,216,213,0,0
801.202,216,288,0,0
804.935,531,239,0,0
805.102,532,238,0,0
807.102,93,277,0,0
809.935,204,277,0,0
810.035,172,254,0,0
810.202,159,244,0,0
810.402,164,260,0,0
810.502,197,315,0,0
813.368,455,318,0,0
813.468,467,316,0,0
813.569,483,307,0,0
813.702,475,310,0,0
813.802,484,307,0,0
813.902,494,298,0,0
814.002,507,286,0,0
814.135,524,271,0,0
814.402,533,345,0,0
814.535,515,354,0,0
814.735,512,355,0,0
814.835,508,263,0,0
814.935,506,269,0,0
815.035,507,270,0,0
815.135,503,277,0,0
815.235,501,275,0,0
815.668,484,213,0,0
815.768,489,236,0,0
815.869,489,247,0,0
816.002,496,247,0,0
816.168,497,262,0,0
816.802,454,244,0,0
819.535,510,356,0,0
825.368,148,311,0,0
825.468,143,311,0,0
825.569,137,313,0,0
825.702,158,306,0,0
825.802,165,308,0,0
825.902,171,311,0,0
826.002,182,308,0,0
826.102,178,313,0,0
826.202,164,322,0,0
826.302,160,329,0,0
826.535,154,333,0,0
827.135,159,329,0,0
827.335,153,329,0,0
827.435,155,328,0,0
827.602,135,317,0,0
827.702,114,301,0,0
827.802,97,290,0,0
828.469,209,299,0,0
829.035,177,255,0,0
830.069,148,234,0,0
830.635,167,293,0,0
831.302,237,139,0,0
831.402,251,138,0,0
831.502,254,133,0,0
831.602,268,131,0,0
831.702,262,132,0,0
831.835,294,138,0,0
835.002,236,353,0,0
835.102,225,342,0,0
835.269,229,344,0,0
835.468,218,340,0,0
835.568,218,335,0,0
835.669,212,317,0,0
835.802,194,285,0,0
835.902,203,254,0,0
836.002,207,245,0,0
836.102,202,241,0,0
836.202,195,258,0,0
836.302,200,240,0,0
836.371,200,240,0,1
836.435,202,238,0,1
836.484,202,238,0,0
836.535,202,242,0,0
836.635,203,237,0,0
836.735,201,238,0,0
836.835,201,237,0,0
836.935,189,262,0,0
836.949,189,262,0,1
837.035,196,237,0,1
837.135,185,255,0,1
837.235,195,227,0,1
837.335,182,222,0,1
837.435,180,224,0,1
837.668,163,249,0,1
837.769,169,252,0,1
837.876,169,252,0,0
837.902,198,217,0,0
838.002,202,210,0,0
838.102,205,205,0,0
838.335,240,192,0,0
838.435,239,191,0,0
838.535,254,195,0,0
838.635,260,191,0,0
838.735,275,185,0,0
840.302,511,226,0,0
841.702,427,172,0,0
842.669,462,218,0,0
842.769,476,208,0,0
842.869,485,243,0,0
843.102,497,232,0,0
843.202,498,213,0,0
843.302,495,205,0,0
843.402,497,203,0,0
843.502,500,192,0,0
843.602,500,176,0,0
843.702,495,179,0,0
843.802,495,173,0,0
843.843,495,173,0,1
843.902,508,164,0,1
844.002,511,161,0,1
844.036,511,161,0,0
844.102,515,159,0,0
844.502,517,158,0,0
844.602,512,165,0,0
844.702,511,165,0,0
844.802,510,164,0,0
844.902,506,170,0,0
845.002,504,167,0,0
845.102,497,164,0,0
845.202,496,164,0,0
845.302,496,167,0,0
845.402,497,165,0,0
845.502,497,166,0,0
845.602,504,155,0,0
845.702,501,156,0,0
846.269,504,138,0,0
846.369,504,130,0,0
846.469,502,127,0,0
846.569,501,126,0,0
846.669,503,125,0,0
846.769,502,128,0,0
846.902,507,131,0,0
847.002,502,129,0,0
847.102,504,133,0,0
847.202,503,134,0,0
847.302,502,133,0,0
847.402,503,134,0,0
847.502,503,133,0,0
847.602,504,136,0,0
847.702,504,138,0,0
847.802,497,139,0,0
847.902,487,136,0,0
848.002,496,137,0,0
848.243,496,137,0,1
848.516,496,137,0,0
848.535,481,150,0,0
848.635,470,156,0,0
848.902,473,208,0,0
849.002,470,222,0,0
849.102,474,219,0,0
849.202,476,223,0,0
849.302,473,231,0,0
849.402,472,229,0,0
849.635,480,225,0,0
850.202,440,175,0,0
855.769,219,329,0,0
855.869,209,326,0,0
855.969,210,327,0,0
856.069,209,327,0,0
856.169,207,327,0,0
856.269,198,322,0,0
856.369,181,321,0,0
856.469,165,326,0,0
856.569,164,326,0,0
856.669,161,328,0,0
856.769,155,328,0,0
856.869,149,322,0,0
856.969,131,315,0,0
857.069,115,302,0,0
857.169,105,297,0,0
857.269,100,298,0,0
857.369,99,284,0,0
857.469,106,297,0,0
857.569,99,281,0,0
857.669,104,288,0,0
857.769,110,279,0,0
857.869,113,279,0,0
857.969,120,278,0,0
858.069,129,293,0,0
858.169,132,302,0,0
858.269,132,293,0,0
858.339,132,293,0,1
858.369,127,279,0,1
858.469,126,282,0,1
858.569,126,282,0,1
858.669,128,285,0,1
858.769,144,288,0,1
858.869,162,283,0,1
858.969,177,273,0,1
859.069,188,253,0,1
859.076,188,253,0,0
859.169,198,241,0,0
860.435,280,239,0,0
860.802,195,299,0,0
860.902,236,313,0,0
861.002,239,315,0,0
861.102,236,314,0,0
861.202,242,306,0,0
861.502,264,261,0,0
861.602,278,251,0,0
861.702,274,239,0,0
861.802,289,241,0,0
861.902,266,248,0,0
862.002,274,241,0,0
862.102,279,218,0,0
862.202,265,189,0,0
862.302,252,149,0,0
863.069,239,261,0,0
863.202,239,261,0,0
870.269,272,353,0,0
870.402,280,352,0,0
870.902,442,330,0,0
871.335,442,332,0,0
871.435,449,337,0,0
872.569,458,326,0,0
872.736,458,326,0,0
872.935,452,321,0,0
873.735,423,327,0,0
873.902,410,323,0,0
874.002,399,321,0,0
874.102,389,324,0,0
874.202,381,316,0,0
875.069,268,236,0,0
875.169,259,235,0,0
875.269,250,228,0,0
875.369,249,224,0,0
875.469,247,212,0,0
875.569,250,196,0,0
875.669,244,182,0,0
875.769,230,172,0,0
875.869,219,164,0,0
875.969,217,156,0,0
876.069,208,146,0,0
876.169,202,138,0,0
876.269,198,126,0,0
876.369,186,126,0,0
876.469,176,132,0,0
876.569,164,143,0,0
876.669,156,147,0,0
877.735,203,177,0,0
877.835,166,151,0,0
877.935,171,152,0,0
878.035,165,159,0,0
878.202,158,166,0,0
878.302,161,170,0,0
878.402,155,168,0,0
878.502,149,171,0,0
878.802,149,183,0,0
879.402,140,249,0,0
879.535,148,288,0,0
880.102,130,279,0,0
880.269,134,200,0,0
880.369,134,203,0,0
880.469,134,214,0,0
880.569,134,206,0,0
880.669,131,192,0,0
880.769,127,186,0,0
880.869,127,182,0,0
881.002,135,187,0,0
881.102,139,205,0,0
881.202,144,251,0,0
881.302,145,296,0,0
881.402,147,300,0,0
887.169,113,283,0,0
888.769,152,148,0,0
890.569,118,180,0,0
890.669,122,203,0,0
890.769,123,240,0,0
890.869,130,264,0,0
890.969,134,287,0,0
891.269,120,246,0,0
891.369,123,224,0,0
891.469,128,214,0,0
891.569,128,199,0,0
891.669,119,190,0,0
891.715,119,190,0,1
891.802,123,231,0,1
891.902,111,206,0,1
891.940,111,206,0,0
892.002,102,176,0,0
892.102,108,172,0,0
892.202,111,164,0,0
892.302,110,159,0,0
892.402,114,159,0,0
892.502,113,159,0,0
892.602,120,155,0,0
892.702,119,151,0,0
892.802,123,153,0,0
892.902,130,149,0,0
893.002,124,155,0,0
893.102,128,154,0,0
893.202,139,161,0,0
893.302,148,172,0,0
893.402,149,174,0,0
893.502,127,173,0,0
894.002,151,134,0,0
894.102,157,135,0,0
894.202,154,135,0,0
894.302,147,134,0,0
894.402,151,134,0,0
894.502,157,133,0,0
894.602,162,128,0,0
894.702,163,124,0,0
894.802,161,126,0,0
894.902,161,127,0,0
895.002,162,128,0,0
895.102,165,129,0,0
895.202,167,125,0,0
895.302,170,125,0,0
895.402,172,122,0,0
895.502,165,115,0,0
895.602,157,111,0,0
895.702,153,109,0,0
895.802,156,113,0,0
895.902,159,116,0,0
896.002,162,112,0,0
896.102,161,117,0,0
896.202,159,120,0,0
896.302,158,121,0,0
896.402,157,126,0,0
896.502,159,125,0,0
896.602,146,133,0,0
896.702,140,126,0,0
896.802,137,128,0,0
896.902,130,124,0,0
897.035,161,122,0,0
898.069,161,122,0,0
898.169,157,130,0,0
898.269,139,138,0,0
898.802,219,135,0,0
898.902,169,175,0,0
899.002,171,174,0,0
899.136,191,171,0,0
899.269,211,175,0,0
899.369,213,174,0,0
899.469,202,173,0,0
899.569,181,168,0,0
899.736,166,166,0,0
899.869,162,160,0,0
899.969,156,161,0,0
